Key_ID,email vs email,gender vs gender
1,aaleveque0@gnu.org -> mbeatens0@tinyurl.com,Female
2,cmadner1@hatena.ne.jp -> sspottiswoode1@plala.or.jp,Female -> Genderqueer
3,ncrayker2@github.com -> cdusting2@moonfruit.com,Bigender -> Male
4,mmcgirr3@seesaa.net -> rhugonet3@bing.com,Male -> Female
5,dcheavin4@hibu.com -> dhawket4@army.mil,Male
6,rlyptratt5@ning.com -> mhoggetts5@canalblog.com,Female -> Male
7,flaugherane6@hc360.com -> tyersin6@cbslocal.com,Female -> Male
8,jhassett7@wired.com -> jruggieri7@flickr.com,Female -> Male
9,bseagood8@netvibes.com -> cplait8@ucoz.ru,Female -> Male
10,emaccumiskey9@economist.com -> fjone9@simplemachines.org,Female
11,kwhittalla@fema.gov -> mborita@prlog.org,Female -> Male
12,apottenb@freewebs.com -> wspringfordb@so-net.ne.jp,Female -> Male
13,vmathevetc@bbc.co.uk -> etidballc@apache.org,Polygender -> Male
14,lmagraned@mysql.com -> dniccollsd@house.gov,Female -> Male
15,dkerinse@smugmug.com -> sandryushine@live.com,Male -> Female
16,lwinnardf@google.de -> kmurdyf@who.int,Female
17,rgiovannellig@photobucket.com -> kskewsg@shinystat.com,Male -> Female
18,bcragellh@yellowpages.com -> nlutschh@discuz.net,Male
19,jnavarroi@nhs.uk -> kdibsdalei@123-reg.co.uk,Female -> Male
20,mwemesj@ed.gov -> kmettsj@epa.gov,Female
21,tfrerek@elegantthemes.com -> bwhaplingtonk@youtu.be,Male -> Female
22,emaccaguel@sun.com -> fskinnl@techcrunch.com,Male
23,iseallym@nature.com -> kstockfordm@surveymonkey.com,Female -> Male
24,tbrezlawn@alibaba.com -> oodempseyn@indiatimes.com,Non-binary -> Male
25,kbrackeno@nytimes.com -> rfebryo@discovery.com,Female -> Male
26,clansdownep@naver.com -> kiorizzop@nih.gov,Female
27,gpenvardenq@wix.com -> ablatchfordq@ted.com,Female
28,nborgesr@quantcast.com -> ltotterdillr@unicef.org,Female
29,ablackadders@thetimes.co.uk -> bmassels@upenn.edu,Male -> Female
30,gluneyt@usgs.gov -> scrichtont@shutterfly.com,Agender -> Male
31,melcoxu@tuttocitta.it -> gclunanu@vimeo.com,Female -> Male
32,etupmanv@ycombinator.com -> rlantuffev@deviantart.com,Polygender -> Female
33,adorganw@chron.com -> lbruw@army.mil,Female -> Male
34,vsteinhamx@printfriendly.com -> gpoulgreenx@oakley.com,Female -> Male
35,fjanseyy@forbes.com -> lradwelly@sakura.ne.jp,Male -> Female
36,ahendrikz@dropbox.com -> lenockssonz@etsy.com,Male -> Female
37,rblannin10@yale.edu -> mcayzer10@hhs.gov,Male -> Female
38,aburbury11@gravatar.com -> sburnard11@desdev.cn,Male -> Female
39,smcgrayle12@cisco.com -> ascoon12@bbb.org,Female
40,cskellorne13@psu.edu -> wkwietek13@creativecommons.org,Female -> Male
41,jstreat14@xrea.com -> pdanher14@ow.ly,Male
42,dmosconi15@over-blog.com -> sharme15@usnews.com,Male
43,emcelvine16@howstuffworks.com -> kcarvil16@bluehost.com,Male -> Female
44,eshyre17@pinterest.com -> kwenzel17@vkontakte.ru,Female
45,mchestle18@washingtonpost.com -> hmckinie18@seattletimes.com,Female
46,gperryman19@spotify.com -> emcnally19@msu.edu,Male
47,sdinnies1a@washington.edu -> mscuffham1a@oracle.com,Male
48,bpoznanski1b@i2i.jp -> rbeidebeke1b@irs.gov,Female -> Male
49,jsushams1c@house.gov -> aashman1c@blogs.com,Genderqueer -> Non-binary
50,bwade1d@boston.com -> sbevans1d@kickstarter.com,Female -> Male
51,sbraikenridge1e@t.co -> agowanlock1e@sourceforge.net,Bigender -> Male
52,tlant1f@samsung.com -> ccawthorn1f@google.nl,Male -> Female
53,ccorsan1g@so-net.ne.jp -> acheesman1g@amazon.co.jp,Female
54,gstevenson1h@mysql.com -> fvanderdaal1h@yale.edu,Female
55,bpearson1i@auda.org.au -> kwoodley1i@addtoany.com,Female
56,jyanyushkin1j@pagesperso-orange.fr -> rbentinck1j@adobe.com,Female
57,dupwood1k@discovery.com -> bcullotey1k@edublogs.org,Female
58,kcorden1l@fastcompany.com -> ngathercole1l@bbb.org,Male -> Female
59,gdurnill1m@google.de -> sgunthorpe1m@smugmug.com,Genderfluid -> Female
60,epaulsson1n@issuu.com -> csharpe1n@timesonline.co.uk,Male
61,wmasurel1o@google.com.br -> tmcettrick1o@mysql.com,Male -> Female
62,kdevaney1p@1und1.de -> ttownshend1p@cpanel.net,Female -> Male
63,pfuggles1q@adobe.com -> ctammadge1q@economist.com,Female
64,lelbourn1r@about.com -> fbalbeck1r@unesco.org,Male
65,sonele1s@redcross.org -> scrucetti1s@cnbc.com,Male -> Agender
66,llabon1t@pinterest.com -> wkreber1t@house.gov,Female -> Polygender
67,apiens1u@google.ca -> gleynham1u@cbsnews.com,Female -> Male
68,jgearty1v@dailymotion.com -> fboleyn1v@uiuc.edu,Female
69,sniese1w@lycos.com -> asawrey1w@hostgator.com,Female -> Male
70,tdicke1x@oaic.gov.au -> iesche1x@clickbank.net,Male -> Female
71,acowap1y@t-online.de -> rkiddey1y@theatlantic.com,Agender -> Non-binary
72,tmarham1z@shop-pro.jp -> cfloris1z@independent.co.uk,Male -> Female
73,swellington20@artisteer.com -> cspiniello20@arizona.edu,Female -> Male
74,mstollery21@bbc.co.uk -> ccarthew21@nasa.gov,Female
75,bprickett22@geocities.com -> rjensen22@yellowbook.com,Male -> Female
76,dhefforde23@apple.com -> gportingale23@youtu.be,Male
77,epooley24@boston.com -> bsibbe24@dagondesign.com,Male -> Female
78,jnorwood25@indiegogo.com -> ewater25@jalbum.net,Female
79,sbeiderbeck26@google.it -> eloveday26@amazon.de,Male
80,arowly27@meetup.com -> cheimes27@deliciousdays.com,Female -> Male
81,hdreger28@skype.com -> rdowdeswell28@amazon.co.jp,Female -> Male
82,pworledge29@cbsnews.com -> slerwell29@slate.com,Genderfluid -> Male
83,emartindale2a@newyorker.com -> afallawe2a@behance.net,Male
84,dgwyneth2b@yahoo.com -> clanktree2b@patch.com,Male
85,pcockshutt2c@oracle.com -> thuxham2c@tmall.com,Female -> Male
86,lrobinet2d@economist.com -> rhargroves2d@nytimes.com,Male
87,ohutson2e@elpais.com -> bshout2e@themeforest.net,Bigender -> Non-binary
88,bdruel2f@fastcompany.com -> npigford2f@globo.com,Male -> Female
89,mraund2g@quantcast.com -> emacallister2g@goo.ne.jp,Male -> Female
90,abernardin2h@newyorker.com -> cbauchop2h@google.pl,Female
91,avinden2i@digg.com -> dcathery2i@discuz.net,Male
92,jdelucia2j@booking.com -> rdoonican2j@alexa.com,Female -> Male
93,gleidl2k@nhs.uk -> cpettyfer2k@a8.net,Female
94,wdannell2l@pen.io -> emacallister2l@i2i.jp,Female
95,cnormington2m@japanpost.jp -> aginner2m@alibaba.com,Female
96,ctabary2n@reddit.com -> anana2n@taobao.com,Female -> Male
97,wwitchalls2o@bbb.org -> dclemes2o@sogou.com,Male
98,jwederell2p@google.co.uk -> ewakely2p@gmpg.org,Female -> Genderqueer
99,hundy2q@163.com -> rwarry2q@who.int,Female -> Male
100,omuzzlewhite2r@jigsy.com -> hismirnioglou2r@cisco.com,Female -> Genderqueer
101,dvasyutin2s@geocities.com -> jgathercoal2s@tripod.com,Male -> Female
102,llandal2t@blogs.com -> rjedrzej2t@dion.ne.jp,Female -> Male
103,nmogg2u@oaic.gov.au -> gduker2u@ameblo.jp,Polygender -> Female
104,klagde2v@comsenz.com -> jcruwys2v@desdev.cn,Female
105,fcrickett2w@cbc.ca -> ssqueers2w@cargocollective.com,Male
106,tsarge2x@cmu.edu -> dbaxstar2x@yellowbook.com,Male
107,rgreenroad2y@studiopress.com -> jhechlin2y@t-online.de,Male -> Female
108,cbrise2z@fda.gov -> gpapa2z@eepurl.com,Genderfluid -> Female
109,ckanzler30@csmonitor.com -> dcurnnokk30@china.com.cn,Female
110,lblaymires31@psu.edu -> ctyght31@printfriendly.com,Male
111,hpawlik32@xrea.com -> vganter32@hubpages.com,Male -> Female
112,apingstone33@mapy.cz -> kmacrannell33@answers.com,Female -> Male
113,bbeck34@webmd.com -> vissakov34@utexas.edu,Female
114,ctriggs35@google.nl -> sconnal35@wisc.edu,Female -> Male
115,mhobble36@bluehost.com -> jkenrat36@ftc.gov,Female -> Male
116,lirvin37@utexas.edu -> fhardbattle37@spotify.com,Female -> Male
117,bbohike38@tripod.com -> bdusting38@who.int,Male
118,cjandac39@infoseek.co.jp -> pperdue39@rambler.ru,Female
119,mclint3a@washington.edu -> sdwyr3a@pinterest.com,Female
120,sdillimore3b@salon.com -> amahedy3b@nydailynews.com,Male -> Genderqueer
121,adiben3c@nymag.com -> bcosslett3c@dyndns.org,Female -> Male
122,jwhatley3d@wikia.com -> eaglione3d@cnet.com,Female
123,jvannuccinii3e@google.co.uk -> vscarrott3e@w3.org,Male
124,rolivazzi3f@kickstarter.com -> vdeplacido3f@apache.org,Male
125,klaite3g@yolasite.com -> srisbrough3g@ucsd.edu,Female -> Male
126,rkaradzas3h@ezinearticles.com -> adesouza3h@ebay.com,Female
127,lwison3i@jimdo.com -> ctante3i@goodreads.com,Male -> Genderqueer
128,cosgodby3j@hatena.ne.jp -> abisco3j@istockphoto.com,Non-binary -> Male
129,lmacak3k@tumblr.com -> hsikorsky3k@wix.com,Female -> Bigender
130,ijachimczak3l@umich.edu -> vwardingley3l@domainmarket.com,Male -> Female
131,sperillo3m@com.com -> bbenardet3m@google.it,Male
132,sbarmby3n@yale.edu -> cmossbee3n@yolasite.com,Male
133,tvonderempten3o@shutterfly.com -> nwooldridge3o@ustream.tv,Male -> Female
134,khenzer3p@tuttocitta.it -> bhullot3p@buzzfeed.com,Female
135,smerrilees3q@indiegogo.com -> jsimkovitz3q@yellowpages.com,Male -> Female
136,lbalaison3r@feedburner.com -> lmclelland3r@themeforest.net,Female -> Genderqueer
137,sdenniss3s@purevolume.com -> ksaice3s@cpanel.net,Female
138,prenihan3t@gravatar.com -> hwolfendell3t@phpbb.com,Genderqueer -> Male
139,dmuckart3u@npr.org -> hgallop3u@dailymail.co.uk,Female -> Male
140,pdezamora3v@wikia.com -> aelster3v@wikimedia.org,Polygender -> Bigender
141,rwyld3w@cisco.com -> hgurys3w@miitbeian.gov.cn,Polygender -> Genderfluid
142,caddionizio3x@etsy.com -> hmackriell3x@symantec.com,Male -> Female
143,jreaditt3y@blogger.com -> avane3y@google.de,Genderfluid -> Genderqueer
144,ablasius3z@cocolog-nifty.com -> thinemoor3z@wunderground.com,Bigender -> Female
145,tmoar40@engadget.com -> bdewett40@fotki.com,Male
146,uglason41@japanpost.jp -> cbontine41@nba.com,Male -> Female
147,dredwall42@webmd.com -> cchadwick42@rakuten.co.jp,Female -> Agender
148,rbetteson43@epa.gov -> awoolliams43@sbwire.com,Male -> Non-binary
149,jcawkill44@loc.gov -> wweinmann44@stumbleupon.com,Male
150,vdroghan45@blogger.com -> emcrill45@xrea.com,Female -> Male
151,bstandering46@craigslist.org -> vsinton46@prnewswire.com,Male -> Female
152,llittley47@netscape.com -> fbiggadyke47@bizjournals.com,Male
153,zbeviss48@t-online.de -> kkillbey48@behance.net,Female
154,hortell49@umich.edu -> amacrory49@elpais.com,Male -> Polygender
155,dscrivner4a@ftc.gov -> jgoldsmith4a@webeden.co.uk,Female -> Male
156,kmackelworth4b@nyu.edu -> lroxburch4b@dagondesign.com,Agender -> Female
157,jsampey4c@slashdot.org -> hmarthen4c@mit.edu,Male
158,rhartzogs4d@woothemes.com -> galeksandrev4d@list-manage.com,Male -> Female
159,bbohlmann4e@hhs.gov -> cchudleigh4e@slate.com,Female -> Genderqueer
160,ochaplyn4f@mapy.cz -> bdeppe4f@ftc.gov,Female
161,kocrotty4g@rambler.ru -> cjorn4g@accuweather.com,Male -> Female
162,sfrazier4h@linkedin.com -> rdownie4h@goodreads.com,Male -> Female
163,olichfield4i@cisco.com -> cchellingworth4i@yellowbook.com,Female
164,odeviney4j@nih.gov -> jpighills4j@tiny.cc,Female
165,tjewer4k@narod.ru -> wdingwall4k@dailymotion.com,Non-binary -> Male
166,dmacgahey4l@biblegateway.com -> gjeckells4l@ihg.com,Female -> Genderqueer
167,ahoston4m@scribd.com -> nbourley4m@topsy.com,Female -> Male
168,pjosifovitz4n@yandex.ru -> sbeckson4n@mail.ru,Male -> Female
169,kmccosh4o@nationalgeographic.com -> lglencorse4o@sogou.com,Male -> Female
170,jingyon4p@sciencedaily.com -> bharriday4p@guardian.co.uk,Female
171,hschinetti4q@i2i.jp -> cstairmond4q@google.co.jp,Female
172,ffitzsimons4r@fastcompany.com -> nbarrowcliffe4r@patch.com,Male
173,kposvner4s@smh.com.au -> geccleshall4s@cyberchimps.com,Female -> Agender
174,hinkin4t@apple.com -> vframe4t@biblegateway.com,Male
175,rblues4u@phpbb.com -> sashborne4u@friendfeed.com,Male
176,bwharby4v@digg.com -> hwarry4v@360.cn,Agender -> Bigender
177,kwadham4w@amazonaws.com -> hstatersfield4w@cnn.com,Female -> Male
178,dsiaskowski4x@amazon.co.uk -> hoscanlon4x@msu.edu,Female
179,atrevarthen4y@examiner.com -> gmcandie4y@nba.com,Female
180,skrojn4z@state.tx.us -> ewoodroofe4z@prnewswire.com,Male -> Female
181,wzold50@senate.gov -> evigours50@gnu.org,Male
182,cgilliard51@1688.com -> wmarishenko51@dot.gov,Female -> Male
183,erouby52@rambler.ru -> ogrinikhin52@lulu.com,Male
184,ncleen53@flavors.me -> dmoorton53@bloomberg.com,Male -> Female
185,smelly54@arstechnica.com -> mstooke54@gravatar.com,Male
186,dmurkitt55@usda.gov -> bblaszczynski55@hatena.ne.jp,Male
187,jglasebrook56@naver.com -> nbelcham56@about.me,Male -> Female
188,lgersam57@goo.gl -> jlowthian57@ftc.gov,Agender -> Female
189,thallick58@joomla.org -> bcurrall58@behance.net,Male
190,rgrimestone59@uiuc.edu -> gocrotty59@posterous.com,Male
191,fblooman5a@redcross.org -> jblondell5a@paginegialle.it,Male
192,ccornes5b@blogs.com -> aratledge5b@jugem.jp,Female -> Male
193,dhein5c@instagram.com -> vboundey5c@miitbeian.gov.cn,Polygender -> Male
194,hbeynon5d@geocities.com -> hlevesque5d@psu.edu,Male -> Female
195,fstrood5e@spotify.com -> trijkeseis5e@answers.com,Female
196,scherryholme5f@desdev.cn -> ldresche5f@tumblr.com,Female
197,ademare5g@dell.com -> jgodfray5g@wiley.com,Female
198,gallanby5h@blog.com -> jmilnthorpe5h@washington.edu,Female
199,nlanney5i@slashdot.org -> dmirando5i@bluehost.com,Male
200,eyakunkin5j@hibu.com -> ronoland5j@ebay.com,Male -> Female
201,jfosdick5k@harvard.edu -> hfookes5k@ehow.com,Male
202,jdimberline5l@github.com -> scuredell5l@state.tx.us,Female
203,atonkin5m@jugem.jp -> wstockford5m@smugmug.com,Male -> Female
204,ldelos5n@uol.com.br -> blowy5n@prnewswire.com,Female -> Male
205,lbrisse5o@123-reg.co.uk -> dgoulthorp5o@i2i.jp,Female
206,gstorah5p@msn.com -> fweymouth5p@mozilla.com,Female -> Male
207,breignolds5q@bbb.org -> alippatt5q@howstuffworks.com,Male -> Agender
208,ebrashier5r@japanpost.jp -> rcrease5r@edublogs.org,Male -> Genderfluid
209,pmusterd5s@abc.net.au -> dmcpheat5s@plala.or.jp,Male -> Female
210,kkynsey5t@amazonaws.com -> ryakushkev5t@devhub.com,Male -> Female
211,sgiacubo5u@123-reg.co.uk -> zbroadbear5u@noaa.gov,Male
212,callward5v@cornell.edu -> chyder5v@lulu.com,Genderqueer -> Female
213,bstandishbrooks5w@reuters.com -> ncoetzee5w@constantcontact.com,Female
214,tborwick5x@ifeng.com -> eaumerle5x@liveinternet.ru,Agender -> Female
215,wbarrett5y@altervista.org -> bhavik5y@un.org,Female
216,mredmile5z@csmonitor.com -> fdematteis5z@ebay.co.uk,Male
217,dwentworth60@tinyurl.com -> itapsell60@howstuffworks.com,Male
218,cmacswayde61@reddit.com -> ybickerstaff61@squidoo.com,Female
219,rleopard62@vinaora.com -> tpocklington62@merriam-webster.com,Female
220,hhockell63@mayoclinic.com -> akneal63@oakley.com,Genderqueer -> Female
221,wmenat64@nydailynews.com -> wbuckler64@scientificamerican.com,Genderfluid -> Male
222,lsouthcombe65@people.com.cn -> mbreukelman65@whitehouse.gov,Female
223,mgellert66@nsw.gov.au -> bbonifas66@fda.gov,Female
224,ldavoren67@artisteer.com -> cpurselowe67@phpbb.com,Female
225,ezanioletti68@wordpress.org -> kcroisdall68@indiatimes.com,Male
226,mjodlkowski69@deviantart.com -> jbickerstaff69@yandex.ru,Female
227,sstraniero6a@fotki.com -> bwherrit6a@sfgate.com,Male
228,amadigan6b@topsy.com -> nrowet6b@comcast.net,Male -> Non-binary
229,gmazdon6c@guardian.co.uk -> paronowicz6c@ed.gov,Male -> Non-binary
230,emedlar6d@ning.com -> mlavelle6d@indiegogo.com,Male -> Genderqueer
231,pwaterstone6e@yolasite.com -> radam6e@yellowbook.com,Male
232,eliebermann6f@cbslocal.com -> mshower6f@kickstarter.com,Female -> Male
233,fmocker6g@spiegel.de -> mphelip6g@geocities.jp,Genderfluid -> Male
234,pbartleman6h@fda.gov -> cfeast6h@zdnet.com,Male
235,jkilfedder6i@aboutads.info -> cmalicki6i@mayoclinic.com,Female
236,mblofeld6j@typepad.com -> lfantini6j@ca.gov,Female -> Male
237,gslark6k@netlog.com -> josharkey6k@blogs.com,Genderfluid -> Female
238,sharridge6l@qq.com -> mnoakes6l@constantcontact.com,Female
239,hmarushak6m@reddit.com -> jjunifer6m@disqus.com,Female
240,bmarns6n@nationalgeographic.com -> obolger6n@geocities.com,Male
241,cgilbart6o@rambler.ru -> amacmeekan6o@usatoday.com,Non-binary -> Genderfluid
242,mbenedikt6p@quantcast.com -> kramage6p@newyorker.com,Female -> Genderqueer
243,nwimmers6q@hostgator.com -> tstuchberry6q@umn.edu,Male -> Female
244,nrevie6r@vistaprint.com -> erawet6r@privacy.gov.au,Male
245,trowbottom6s@npr.org -> tricardo6s@elegantthemes.com,Female
246,pingall6t@bloglines.com -> blund6t@psu.edu,Male
247,ascriven6u@theguardian.com -> nclayfield6u@163.com,Female
248,fmacrorie6v@tiny.cc -> mlindsley6v@nps.gov,Female
249,rhardway6w@berkeley.edu -> wmccaughey6w@cafepress.com,Male
250,ctunno6x@nature.com -> abuckston6x@biglobe.ne.jp,Polygender -> Male
251,kbailes6y@google.com.hk -> amctrusty6y@mozilla.com,Female
252,cnorkutt6z@tamu.edu -> paird6z@vinaora.com,Female
253,dmarzello70@epa.gov -> kobee70@mediafire.com,Female
254,hkittel71@oakley.com -> ageeve71@tuttocitta.it,Male -> Female
255,sgingedale72@jiathis.com -> tsimms72@loc.gov,Male -> Female
256,abremley73@blog.com -> rrennock73@goo.ne.jp,Female
257,puccello74@myspace.com -> lsphinxe74@twitpic.com,Male
258,ggascoyen75@marketwatch.com -> ecackett75@princeton.edu,Female -> Genderfluid
259,tlorand76@jimdo.com -> cmcalroy76@creativecommons.org,Male
260,znortcliffe77@rediff.com -> gdavern77@europa.eu,Female -> Male
261,lhackinge78@wikipedia.org -> bthursfield78@addtoany.com,Agender -> Male
262,hdykas79@mysql.com -> awebbe79@fc2.com,Female
263,tbellows7a@gravatar.com -> jayliff7a@networkadvertising.org,Male -> Female
264,bgheeorghie7b@yandex.ru -> mimason7b@cbc.ca,Agender -> Female
265,dlaurenty7c@prweb.com -> ggiacomucci7c@over-blog.com,Male -> Female
266,hkrier7d@utexas.edu -> jelcott7d@cnet.com,Genderqueer -> Female
267,efilmer7e@feedburner.com -> htolomio7e@squarespace.com,Male
268,jbexon7f@businessweek.com -> pbrame7f@cocolog-nifty.com,Male
269,kboolsen7g@virginia.edu -> rlazar7g@amazon.de,Polygender -> Female
270,jgoodridge7h@tripod.com -> mlumpkin7h@unicef.org,Genderqueer -> Male
271,gshieber7i@ifeng.com -> rchancelier7i@bizjournals.com,Male
272,balden7j@twitter.com -> bkieff7j@irs.gov,Genderfluid -> Male
273,hsarvar7k@example.com -> lislep7k@tripod.com,Male -> Female
274,lkonrad7l@freewebs.com -> jfiddler7l@zdnet.com,Female -> Male
275,dcapener7m@kickstarter.com -> chuddy7m@ucla.edu,Male -> Female
276,jspini7n@e-recht24.de -> mdracksford7n@edublogs.org,Female
277,ldanilyak7o@whitehouse.gov -> sjelley7o@fotki.com,Male -> Female
278,bhabble7p@jimdo.com -> vmacourek7p@toplist.cz,Male
279,jvarvara7q@telegraph.co.uk -> dgergher7q@bloomberg.com,Male -> Female
280,igatland7r@reuters.com -> mvalentine7r@jimdo.com,Female -> Male
281,azoanetti7s@theatlantic.com -> ccollopy7s@cornell.edu,Female
282,rshead7t@slate.com -> fpane7t@edublogs.org,Male -> Non-binary
283,ahapgood7u@senate.gov -> llanfare7u@sciencedaily.com,Male -> Female
284,nbuyers7v@nymag.com -> srosenstock7v@salon.com,Male -> Female
285,dhatchett7w@4shared.com -> emcconnell7w@ihg.com,Female
286,ykuhn7x@joomla.org -> mpoluzzi7x@homestead.com,Female
287,rluparti7y@wunderground.com -> cbosma7y@ameblo.jp,Male
288,aprati7z@reuters.com -> pwalcot7z@thetimes.co.uk,Male
289,fyoxall80@businessweek.com -> dmcilwain80@cam.ac.uk,Male -> Female
290,wgrioli81@qq.com -> cmusson81@github.io,Male -> Female
291,scluff82@discuz.net -> pflatt82@sun.com,Male
292,ebukac83@cdbaby.com -> adeverson83@devhub.com,Male
293,chess84@typepad.com -> osneesby84@so-net.ne.jp,Female
294,bfortman85@ehow.com -> hlowbridge85@mapquest.com,Male
295,ahise86@bbc.co.uk -> chuxstep86@biglobe.ne.jp,Male -> Female
296,ggoldster87@chronoengine.com -> hwyleman87@meetup.com,Male -> Female
297,oparkyns88@vistaprint.com -> ebyneth88@wsj.com,Non-binary -> Female
298,udenisovich89@infoseek.co.jp -> mviner89@npr.org,Female
299,sdrought8a@hp.com -> lperrat8a@foxnews.com,Male -> Agender
300,hargrave8b@t.co -> smclaverty8b@360.cn,Female -> Genderqueer
301,msummerskill8c@sina.com.cn -> bthyer8c@github.com,Male
302,gcoade8d@bigcartel.com -> elashley8d@netlog.com,Female
303,lfenck8e@indiatimes.com -> rcamble8e@dropbox.com,Female -> Male
304,rscorah8f@indiegogo.com -> eroder8f@twitpic.com,Male
305,vbenediktsson8g@xing.com -> ldepport8g@weibo.com,Male
306,lbevir8h@berkeley.edu -> locullinane8h@who.int,Female
307,ssadry8i@ask.com -> aguinness8i@tripod.com,Male
308,camoore8j@dagondesign.com -> lsaile8j@nature.com,Female
309,wtyres8k@comcast.net -> kmorrell8k@sakura.ne.jp,Male -> Female
310,vsall8l@dell.com -> aguyer8l@addtoany.com,Female -> Male
311,bpavis8m@discuz.net -> kamthor8m@columbia.edu,Female -> Male
312,gyong8n@amazon.co.jp -> ehospital8n@so-net.ne.jp,Male
313,pblaydon8o@baidu.com -> ftoon8o@sciencedaily.com,Female -> Genderfluid
314,croutham8p@scientificamerican.com -> sclynter8p@google.co.jp,Male
315,gerrey8q@prnewswire.com -> esaphin8q@cnet.com,Male -> Female
316,mgerring8r@t.co -> mmiere8r@kickstarter.com,Female -> Male
317,strewett8s@loc.gov -> hcrebbin8s@xing.com,Female -> Male
318,lfominov8t@ox.ac.uk -> ehowitt8t@ehow.com,Non-binary -> Male
319,kbettleson8u@delicious.com -> svoden8u@ezinearticles.com,Male -> Female
320,mliepins8v@bbb.org -> escarr8v@mail.ru,Female
321,cserrell8w@photobucket.com -> vsimants8w@blinklist.com,Female
322,lducaen8x@tiny.cc -> ccumberpatch8x@prnewswire.com,Female -> Male
323,bnorway8y@bing.com -> logriffin8y@booking.com,Male -> Female
324,ldanielsohn8z@netscape.com -> bcanner8z@wordpress.org,Male
325,tpurdy90@aboutads.info -> alabbet90@nsw.gov.au,Female -> Male
326,gdebrett91@sfgate.com -> lbachshell91@unblog.fr,Male -> Female
327,gdemchen92@devhub.com -> wmaasz92@sphinn.com,Genderqueer -> Male
328,mreddle93@t.co -> edoughill93@prnewswire.com,Female -> Male
329,bdanko94@hexun.com -> mtreamayne94@huffingtonpost.com,Male -> Female
330,nlalley95@mac.com -> dzahor95@purevolume.com,Female -> Polygender
331,aemilien96@blinklist.com -> duren96@flavors.me,Female
332,eslocum97@yellowpages.com -> azanutti97@goodreads.com,Female
333,olocard98@nasa.gov -> tdelabarre98@1und1.de,Male
334,irembrant99@virginia.edu -> bcommins99@printfriendly.com,Male
335,rohoey9a@ameblo.jp -> gbettam9a@howstuffworks.com,Female
336,ldefty9b@boston.com -> ekempshall9b@friendfeed.com,Agender -> Male
337,rfilisov9c@hao123.com -> doheyne9c@apache.org,Agender -> Non-binary
338,kpunch9d@ox.ac.uk -> dshrimplin9d@msn.com,Female
339,wathow9e@themeforest.net -> wmunsey9e@clickbank.net,Male -> Female
340,pdeane9f@yellowbook.com -> gcastledine9f@last.fm,Female
341,igookes9g@google.com.hk -> cwilfinger9g@flickr.com,Female
342,lpaolazzi9h@storify.com -> vdumberrill9h@paginegialle.it,Female
343,pdoggrell9i@jalbum.net -> dgive9i@tripod.com,Male -> Polygender
344,kpicton9j@thetimes.co.uk -> ncliff9j@addthis.com,Female
345,krack9k@cocolog-nifty.com -> koloughane9k@studiopress.com,Male -> Female
346,ababington9l@hp.com -> kalliband9l@lycos.com,Female -> Male
347,hfrancey9m@hhs.gov -> kcarleton9m@vistaprint.com,Male -> Female
348,bmordy9n@webmd.com -> jdodson9n@apache.org,Polygender -> Male
349,eseer9o@archive.org -> tsurmeyers9o@addthis.com,Male -> Polygender
350,mdidomenico9p@wikispaces.com -> dfollos9p@oaic.gov.au,Male -> Female
351,wcolmore9q@live.com -> blefever9q@wikipedia.org,Genderqueer -> Female
352,cibert9r@about.me -> bzarb9r@opensource.org,Female -> Male
353,jbeckmann9s@arstechnica.com -> adumbar9s@nasa.gov,Male -> Female
354,nomarkey9t@themeforest.net -> ggovinlock9t@utexas.edu,Female
355,nhughes9u@live.com -> fseedman9u@sbwire.com,Female
356,acollete9v@abc.net.au -> mwreford9v@dropbox.com,Male
357,wsedgemond9w@thetimes.co.uk -> msmart9w@tripadvisor.com,Female
358,lseivwright9x@e-recht24.de -> cgildea9x@google.ca,Female
359,lschild9y@hexun.com -> ieicke9y@devhub.com,Female -> Male
360,alayland9z@house.gov -> eloody9z@behance.net,Female
361,echishulla0@yolasite.com -> cbevillea0@archive.org,Female -> Male
362,smassimia1@histats.com -> jgilhouleya1@redcross.org,Male
363,cduerdena2@pcworld.com -> lgodbolda2@alibaba.com,Female
364,agibarda3@discovery.com -> llaysona3@engadget.com,Female
365,sshiela4@unesco.org -> nvanderstraatena4@taobao.com,Male
366,hquaylea5@hatena.ne.jp -> tculloteya5@ask.com,Female
367,atollera6@bing.com -> aprattea6@go.com,Male -> Female
368,jfassana7@who.int -> crevilla7@walmart.com,Female -> Male
369,adequinceya8@yahoo.co.jp -> mickeringilla8@nhs.uk,Female -> Non-binary
370,pblunsena9@mozilla.org -> lmcillroya9@chron.com,Agender -> Male
371,mburdittaa@japanpost.jp -> mcashmoreaa@mayoclinic.com,Male -> Female
372,ofeighryab@posterous.com -> yfrancescoccioab@yale.edu,Non-binary -> Male
373,poshirineac@issuu.com -> ggeroldac@umich.edu,Female -> Male
374,cyousonad@mashable.com -> ewhitewayad@qq.com,Female
375,hheikkinenae@paypal.com -> cjakabae@smugmug.com,Female
376,perrickeraf@deliciousdays.com -> ppearaf@diigo.com,Polygender -> Male
377,tsperrettag@domainmarket.com -> acarbertag@ft.com,Male
378,ailyinykhah@w3.org -> gpearlah@umich.edu,Genderfluid -> Male
379,vgiampietroai@merriam-webster.com -> lripponai@bbc.co.uk,Male -> Female
380,cgibbonsonaj@cyberchimps.com -> ebulfoyaj@ox.ac.uk,Female -> Non-binary
381,mbehningak@wired.com -> tbinnsak@wordpress.com,Male -> Genderqueer
382,mspraberryal@unesco.org -> dduerdenal@npr.org,Male
383,ethomelinam@washington.edu -> ablazaam@domainmarket.com,Male -> Female
384,lfrenchuman@icq.com -> drumminan@facebook.com,Female
385,tcopestakeao@archive.org -> jprinao@japanpost.jp,Male -> Polygender
386,pgallienneap@simplemachines.org -> psandiferap@list-manage.com,Genderfluid -> Male
387,rmctavishaq@moonfruit.com -> mvedenyapinaq@kickstarter.com,Male -> Female
388,smaccaddiear@google.cn -> dsilberschatzar@over-blog.com,Non-binary -> Male
389,cgerwoodas@netlog.com -> hhatleyas@hibu.com,Female
390,broizinat@baidu.com -> dmacgilfoyleat@blogger.com,Genderqueer -> Male
391,ctrewhellaau@jugem.jp -> kgoldesau@google.co.uk,Female
392,zbridgmanav@omniture.com -> clowmassav@yahoo.com,Genderfluid -> Female
393,rsemradaw@sciencedaily.com -> cwillcottaw@washingtonpost.com,Male -> Bigender
394,fbabbeax@mtv.com -> bwalsheax@com.com,Male
395,sgreystockay@pcworld.com -> acowwellay@china.com.cn,Male -> Female
396,corraz@opensource.org -> thebneraz@mashable.com,Female
397,twitherb0@deviantart.com -> ppendrillb0@usgs.gov,Female -> Male
398,sabrahamovitzb1@fastcompany.com -> afyndonb1@craigslist.org,Male
399,rcornelisseb2@topsy.com -> bwoodgateb2@virginia.edu,Male
400,cfarob3@yandex.ru -> ahestropb3@springer.com,Male -> Female
401,dminchinb4@wordpress.org -> patkinb4@hhs.gov,Male
402,cmooresb5@google.de -> kmustob5@1688.com,Male
403,jferencowiczb6@globo.com -> ulabetb6@creativecommons.org,Female
404,flunckb7@whitehouse.gov -> mcarneb7@unblog.fr,Genderqueer -> Female
405,sjotchamb8@bravesites.com -> orowesbyb8@dion.ne.jp,Male
406,prevelyb9@zimbio.com -> ssempleb9@sun.com,Female
407,pshowlerba@indiegogo.com -> ostrahanba@barnesandnoble.com,Male
408,darnisonbb@nationalgeographic.com -> afitzsimonbb@nytimes.com,Male -> Polygender
409,blippittbc@pinterest.com -> fdobneybc@uiuc.edu,Female
410,whoulsonbd@cargocollective.com -> kshurlockbd@opensource.org,Male -> Female
411,celseybe@so-net.ne.jp -> vdightonbe@adobe.com,Male
412,mmacguirebf@macromedia.com -> jteaseybf@opensource.org,Polygender -> Male
413,vsaintbg@blogs.com -> tdebernardibg@biblegateway.com,Female -> Male
414,crowetbh@apache.org -> jissardbh@behance.net,Female -> Male
415,hmercybi@cpanel.net -> ntitherbi@whitehouse.gov,Male -> Female
416,fcardenasbj@globo.com -> ysaffonbj@howstuffworks.com,Female
417,krichleybk@vinaora.com -> blammasbk@prweb.com,Male -> Female
418,ucraykebl@msu.edu -> lolivettabl@fastcompany.com,Male
419,eperrottetbm@merriam-webster.com -> eanglessbm@sitemeter.com,Female
420,hbodmanbn@ibm.com -> isambedgebn@microsoft.com,Female
421,amoraisbo@ucoz.ru -> blemmensbo@sfgate.com,Male
422,dgeertzbp@usgs.gov -> achristmasbp@smugmug.com,Male -> Female
423,dtreadgallbq@newyorker.com -> cpaverbq@amazon.co.jp,Female -> Male
424,myitzhokbr@tuttocitta.it -> adacheybr@exblog.jp,Female -> Genderfluid
425,mhendricksbs@cyberchimps.com -> dbullarbs@fc2.com,Female
426,mfoxwellbt@dyndns.org -> kredwallbt@umich.edu,Female -> Male
427,gkeningleybu@umich.edu -> jbraemerbu@free.fr,Male -> Female
428,cpondebv@google.de -> fbuckthorpebv@dyndns.org,Male -> Female
429,knazerbw@ask.com -> reulbw@wikispaces.com,Female
430,jpideonbx@yale.edu -> cvasenkovbx@instagram.com,Male
431,mfladgateby@booking.com -> rstukingsby@vistaprint.com,Female -> Agender
432,bmatussovbz@sciencedaily.com -> sdrustbz@google.co.uk,Male
433,cverec0@joomla.org -> rfollanc0@wix.com,Female
434,dantoniadesc1@jiathis.com -> tcattonc1@ifeng.com,Male -> Female
435,rleyesc2@wikia.com -> htaffeec2@de.vu,Male -> Female
436,dfrenchumc3@nba.com -> ycoffeec3@deviantart.com,Male
437,ctilburyc4@amazon.com -> sspilsteadc4@rambler.ru,Male -> Female
438,tganforthec5@nature.com -> ahayesmanc5@nature.com,Female -> Male
439,hnannizzic6@studiopress.com -> acorsonc6@google.ca,Male -> Female
440,jmallallc7@nature.com -> abehningc7@house.gov,Female
441,rduerdenc8@stumbleupon.com -> dboughtonc8@rediff.com,Male -> Female
442,cpadlyc9@phoca.cz -> akelledyc9@simplemachines.org,Male -> Bigender
443,blaffranconica@example.com -> fteasdalemarkieca@ibm.com,Male
444,lberstoncb@joomla.org -> rfortyecb@reuters.com,Male -> Female
445,ktaphousecc@imgur.com -> smackessockcc@flickr.com,Male
446,ggreggorcd@so-net.ne.jp -> nbodillcd@washington.edu,Male
447,sfannonce@miitbeian.gov.cn -> bimlockce@networksolutions.com,Male
448,deschellecf@adobe.com -> mpendridcf@canalblog.com,Male -> Female
449,rbeynkncg@discovery.com -> lgauchiercg@themeforest.net,Genderfluid -> Female
450,mdivallch@techcrunch.com -> dshowtech@alexa.com,Male
451,isheardci@sfgate.com -> apitherickci@oakley.com,Female
452,aobycj@sina.com.cn -> ndarbycj@prnewswire.com,Female -> Male
453,wskehanck@twitter.com -> bhowsonck@ft.com,Male -> Genderqueer
454,dkersawcl@hud.gov -> gbonifaziocl@ameblo.jp,Female
455,everegancm@goodreads.com -> bcawsbycm@acquirethisname.com,Female -> Male
456,lcorkercn@artisteer.com -> mhainescn@cbslocal.com,Bigender -> Male
457,gliddenco@cpanel.net -> egawthorpeco@moonfruit.com,Male
458,lzaczekcp@chronoengine.com -> mcasincp@un.org,Male -> Female
459,cmourantcq@pagesperso-orange.fr -> rcurgenvencq@epa.gov,Female -> Male
460,msimnercr@marriott.com -> tsnellingcr@oakley.com,Female
461,lsweetnamcs@macromedia.com -> sgrigollics@epa.gov,Female -> Male
462,fmacwilliamct@github.io -> opressct@chron.com,Female -> Male
463,tbrycesoncu@economist.com -> bhindshawcu@yellowbook.com,Male
464,wtamburicv@de.vu -> ashovellcv@usgs.gov,Female
465,jpineauxcw@va.gov -> tcolebourncw@hc360.com,Polygender -> Agender
466,gleithcx@ca.gov -> sstrangercx@businesswire.com,Male
467,wbeehocy@cpanel.net -> scrimincy@tinypic.com,Genderqueer -> Male
468,wsalvaticz@time.com -> rgreenlesscz@pen.io,Female
469,loldakerd0@fda.gov -> ccobsond0@chicagotribune.com,Male -> Female
470,gwiddecombed1@usgs.gov -> ebowmerd1@nbcnews.com,Male -> Female
471,fvowelld2@telegraph.co.uk -> achengd2@hc360.com,Male -> Bigender
472,alewseyd3@instagram.com -> bgruszkad3@admin.ch,Bigender -> Male
473,okordovad4@github.io -> hedond4@livejournal.com,Female -> Male
474,aivasechkod5@phpbb.com -> maxworthyd5@dedecms.com,Male
475,dgreenrded6@deliciousdays.com -> mdefrancescod6@tuttocitta.it,Female -> Male
476,avernaud7@hc360.com -> mtoftsd7@cdbaby.com,Male -> Female
477,mfullardd8@earthlink.net -> bbadmand8@goo.ne.jp,Female -> Male
478,kbutterwickd9@skyrock.com -> dcardenasd9@gov.uk,Female
479,mstirzakerda@shop-pro.jp -> eoldridgeda@lulu.com,Male -> Female
480,bmcilorydb@google.it -> sclappdb@mtv.com,Male -> Female
481,mrainbirddc@skype.com -> cblowdc@mail.ru,Female -> Polygender
482,bwindledd@archive.org -> bcatheralldd@skyrock.com,Female
483,chastinde@sohu.com -> shamesde@etsy.com,Female
484,lrewcasselldf@time.com -> bwadelingdf@noaa.gov,Male -> Female
485,hrestieauxdg@thetimes.co.uk -> pjerchedg@gov.uk,Male
486,mgobeaudh@dot.gov -> wcharlestondh@ihg.com,Female -> Male
487,ralekseicikdi@miibeian.gov.cn -> neklessdi@trellian.com,Male -> Female
488,mmacchaelldj@army.mil -> jicetondj@skype.com,Male -> Female
489,tfolleydk@blog.com -> cberthondk@ucla.edu,Male -> Female
490,sbasindaledl@java.com -> cahreniusdl@ebay.com,Male
491,lskittrealdm@goo.gl -> lkosdm@amazon.de,Polygender -> Agender
492,xlamasdn@fda.gov -> pwoandn@mtv.com,Female -> Male
493,nwashdo@yahoo.co.jp -> aninddo@tinyurl.com,Female
494,spitkindp@eventbrite.com -> ebenezeitdp@google.co.jp,Male
495,vberriedq@qq.com -> dmcteggartdq@xrea.com,Agender -> Female
496,wdymockedr@berkeley.edu -> cjeyesdr@arstechnica.com,Male
497,ecrepelds@bizjournals.com -> sendeands@shareasale.com,Female
498,nbiddlestondt@hhs.gov -> hreinertdt@flickr.com,Male -> Female
499,wducareldu@skyrock.com -> kwhyedu@tmall.com,Female -> Male
500,alangcastledv@cmu.edu -> jtunnicliffedv@google.com.au,Male
501,glyttledw@wikimedia.org -> pfernandodw@google.ca,Female
502,elewerdx@latimes.com -> swhitmarshdx@about.me,Male -> Female
503,ileglisedy@hugedomains.com -> fsegody@examiner.com,Male -> Female
504,kblouetdz@altervista.org -> lbertolindz@springer.com,Male
505,lhankinsone0@princeton.edu -> jyounglovee0@irs.gov,Male
506,mmckinlaye1@about.com -> fgante1@feedburner.com,Polygender -> Male
507,ccruickshanke2@loc.gov -> iswinerde2@timesonline.co.uk,Male
508,edancee3@imdb.com -> dbrase3@bigcartel.com,Female -> Male
509,dmottee4@slate.com -> ucoulthurste4@vimeo.com,Female -> Male
510,tbarribale5@forbes.com -> cdedomenicoe5@gizmodo.com,Male
511,parlette6@yelp.com -> dyakutine6@ask.com,Male -> Female
512,lpaveline7@techcrunch.com -> gmaune7@phoca.cz,Male
513,gwakeleye8@pagesperso-orange.fr -> rciccottioe8@google.co.uk,Male -> Female
514,wpinkstonee9@free.fr -> ewharrame9@yellowpages.com,Female
515,ecurtoysea@ox.ac.uk -> ttippertonea@sakura.ne.jp,Female -> Male
516,acleaveseb@facebook.com -> wbloyeseb@booking.com,Female -> Male
517,rfountainec@xing.com -> fdrewsec@godaddy.com,Female -> Male
518,lgermaineed@answers.com -> dkindered@google.fr,Male -> Female
519,jimpeyee@comcast.net -> rkordovaniee@vk.com,Female
520,hbatyef@mac.com -> bmeneuref@ehow.com,Genderfluid -> Male
521,dpatterseg@fda.gov -> hnorwicheg@pen.io,Female -> Male
522,aloyleyeh@wsj.com -> kgornaleh@timesonline.co.uk,Female
523,btschierascheei@businessinsider.com -> oriolfoei@princeton.edu,Male -> Female
524,sswannackej@dion.ne.jp -> twestcarej@accuweather.com,Female -> Polygender
525,jsexonek@miibeian.gov.cn -> vstaubynek@indiatimes.com,Female -> Male
526,cbassamel@csmonitor.com -> mpietzkeel@washington.edu,Female
527,epaquetem@state.tx.us -> ckubicaem@squidoo.com,Agender -> Female
528,bgrayhamen@howstuffworks.com -> mjanodeten@goodreads.com,Female -> Agender
529,mplitzeo@google.cn -> mpeareo@hatena.ne.jp,Male -> Female
530,wlissemoreep@yahoo.com -> abiaginiep@tmall.com,Male -> Female
531,neverardeq@bigcartel.com -> bdovinsoneq@businessinsider.com,Female -> Male
532,ckardoser@amazon.de -> rwyndhamer@amazon.de,Agender -> Male
533,drelfes@blinklist.com -> browbottames@mapy.cz,Male
534,abygroveet@webs.com -> tjusteet@hostgator.com,Male -> Female
535,rkilbaneeu@nationalgeographic.com -> mpenwrighteu@java.com,Male
536,btizzardev@google.fr -> bpavittev@sfgate.com,Male
537,lsaileew@washington.edu -> aaspew@xinhuanet.com,Male
538,bphippinex@ow.ly -> gbortoliex@quantcast.com,Bigender -> Male
539,emunganey@oaic.gov.au -> rthomaseney@nyu.edu,Female
540,ocastagnetoez@deliciousdays.com -> tmurfillez@salon.com,Female -> Non-binary
541,phatherellf0@over-blog.com -> giwanczykf0@reuters.com,Female -> Male
542,spopescuf1@usa.gov -> ojouhandeauf1@salon.com,Male -> Female
543,jprujeanf2@slideshare.net -> skiddellf2@bbb.org,Female -> Male
544,ftenantf3@disqus.com -> parpf3@aboutads.info,Male
545,rnicklessf4@dmoz.org -> tbrayf4@yellowpages.com,Male -> Female
546,jhoyerf5@nature.com -> bcancellariof5@pagesperso-orange.fr,Female -> Male
547,tbowfinf6@nbcnews.com -> mrackstrawf6@accuweather.com,Female -> Male
548,sbarrickf7@ezinearticles.com -> javisonf7@ucsd.edu,Male -> Female
549,nlammerichf8@wired.com -> cphiferf8@springer.com,Female -> Male
550,cbirtwistlef9@scribd.com -> gavelinef9@creativecommons.org,Male -> Female
551,swetheyfa@sphinn.com -> callensonfa@hc360.com,Agender -> Female
552,dbramstomfb@nymag.com -> ndalmonfb@scribd.com,Male -> Female
553,ptomickifc@github.com -> lhacklyfc@friendfeed.com,Female
554,sspofforthfd@un.org -> rmcgillegholefd@free.fr,Male -> Female
555,dibbisonfe@spiegel.de -> npetegreefe@example.com,Male -> Female
556,cbartelliff@nasa.gov -> rphillipff@ca.gov,Polygender -> Female
557,nbarokfg@vimeo.com -> olabordefg@about.me,Female
558,bpawelskifh@archive.org -> gapflerfh@foxnews.com,Female -> Male
559,nbortolfi@harvard.edu -> zbenerfi@wiley.com,Female
560,rthewsfj@zdnet.com -> liacovuzzifj@ovh.net,Female -> Male
561,dgierekfk@webnode.com -> lrupertofk@privacy.gov.au,Female
562,mmelchiorfl@instagram.com -> pritsonfl@umich.edu,Male
563,smanshawfm@weather.com -> xgooseyfm@narod.ru,Female -> Male
564,kallottfn@slideshare.net -> hdavenellfn@disqus.com,Male -> Female
565,mgiblettfo@prnewswire.com -> ddefewfo@sfgate.com,Male -> Non-binary
566,mtebbittfp@mayoclinic.com -> dbennefp@ning.com,Female -> Male
567,cspeermanfq@upenn.edu -> kboltfq@census.gov,Female
568,gpringuerfr@ucla.edu -> fbrockfr@discuz.net,Genderfluid -> Male
569,ajerromefs@fda.gov -> obrucksteinfs@ibm.com,Female -> Polygender
570,aisakovft@posterous.com -> lcarletonft@netscape.com,Polygender -> Female
571,kduminifu@opera.com -> fsemirasfu@goo.gl,Non-binary -> Female
572,lbushawayfv@theguardian.com -> npentycrossfv@irs.gov,Male -> Female
573,kovellfw@woothemes.com -> sbenzifw@marketwatch.com,Female -> Male
574,cdrewesfx@live.com -> bkinastanfx@pbs.org,Female -> Non-binary
575,aswalteridgefy@disqus.com -> cgodarfy@msu.edu,Female
576,jodoranfz@mail.ru -> dwalisiakfz@amazon.co.uk,Male -> Genderqueer
577,mgianullig0@eventbrite.com -> hkunathg0@cocolog-nifty.com,Male
578,tpatmang1@vkontakte.ru -> molczykg1@phpbb.com,Male
579,smearnsg2@wikipedia.org -> clondesboroughg2@wix.com,Male
580,ditzcakg3@jigsy.com -> rspadeckg3@linkedin.com,Female -> Non-binary
581,apechtg4@paginegialle.it -> ugilbeartg4@cdc.gov,Male
582,hbavidgeg5@amazon.co.uk -> bnindg5@pcworld.com,Female -> Male
583,acroneeng6@elegantthemes.com -> akillerbyg6@nyu.edu,Male -> Genderqueer
584,fcorpg7@abc.net.au -> wmcguinleyg7@yahoo.co.jp,Female
585,mstidstong8@topsy.com -> jhepherg8@cyberchimps.com,Female -> Male
586,rflatherg9@tiny.cc -> yharversong9@homestead.com,Genderqueer -> Male
587,prosenbaumga@wsj.com -> mlinskillga@shinystat.com,Male
588,nkrochgb@cmu.edu -> olamminamgb@imageshack.us,Female -> Male
589,ssachgc@amazon.com -> abanegc@pagesperso-orange.fr,Male -> Female
590,vrobardetgd@google.nl -> toatesgd@spiegel.de,Female -> Genderfluid
591,zschmuhlge@comcast.net -> ydowsonge@admin.ch,Male -> Agender
592,pmeatyardgf@sbwire.com -> ewagenengf@archive.org,Male
593,mgallifordgg@theatlantic.com -> mbuttegg@wordpress.org,Female -> Male
594,ibewsygh@is.gd -> cbengocheagh@arizona.edu,Female -> Male
595,mhuntrissgi@myspace.com -> ggarbergi@mit.edu,Female -> Male
596,mschurckegj@paypal.com -> ryerrillgj@cargocollective.com,Genderqueer -> Non-binary
597,dmaccrackengk@seesaa.net -> psulmangk@theguardian.com,Male
598,gtowrissgl@fc2.com -> dvaangl@businesswire.com,Male
599,jbaskervillegm@addthis.com -> kcocklingm@livejournal.com,Male
600,igomesgn@ezinearticles.com -> tbeckegn@storify.com,Female
601,ghabbeshawgo@google.com -> vbroadwaygo@1688.com,Female
602,jgraybealgp@nymag.com -> mburridgegp@istockphoto.com,Female
603,nnodingq@jimdo.com -> cmunbygq@live.com,Male -> Female
604,aspentongr@vkontakte.ru -> bcornforthgr@webeden.co.uk,Male
605,wchaikovskigs@nytimes.com -> vpashbags@ftc.gov,Male
606,pcastillongt@elpais.com -> jbartagt@google.nl,Male -> Female
607,emcquodegu@earthlink.net -> sedworthygu@etsy.com,Female -> Male
608,bgrangergv@mtv.com -> cstrathearngv@ycombinator.com,Male -> Female
609,cackermanngw@icq.com -> fbuskgw@wufoo.com,Female -> Male
610,flyddygx@pen.io -> egligoracigx@amazon.co.jp,Male -> Female
611,miorizzigy@adobe.com -> kfreebornegy@narod.ru,Male -> Female
612,nempsgz@usda.gov -> fnoelgz@wix.com,Female -> Male
613,sjelfh0@a8.net -> awinskillh0@flavors.me,Female
614,sclaweh1@google.com -> lbiasettih1@mac.com,Female -> Male
615,cklicheh2@twitter.com -> dbenwellh2@npr.org,Male
616,mnormanellh3@gravatar.com -> gsurcombeh3@salon.com,Male
617,cdunmuirh4@chron.com -> btradewellh4@instagram.com,Male
618,mscarbarrowh5@hhs.gov -> kcarilloh5@cnn.com,Male
619,fpicotth6@ibm.com -> cmountneyh6@vkontakte.ru,Genderqueer -> Female
620,ewebbbowenh7@cdbaby.com -> fcoenh7@sciencedaily.com,Female -> Male
621,egilhoolieh8@globo.com -> fdaguannoh8@indiegogo.com,Male
622,lheusticeh9@whitehouse.gov -> iwycheh9@forbes.com,Male -> Female
623,josanha@mediafire.com -> bmesnardha@wikia.com,Female
624,aungerechthb@zimbio.com -> ntruehb@icio.us,Male
625,bcasserlyhc@g.co -> nfugglehc@amazon.co.uk,Male -> Female
626,bgynnehd@pbs.org -> nprawlehd@mac.com,Female
627,atindlehe@is.gd -> clindellhe@hp.com,Female -> Male
628,mrumminhf@cargocollective.com -> sedelstonhf@ehow.com,Female -> Male
629,afilderyhg@sun.com -> hgeydonhg@aol.com,Female -> Male
630,kpaulitschkehh@bing.com -> emackerelhh@examiner.com,Genderqueer -> Male
631,jtyttertonhi@mit.edu -> mbirranehi@ehow.com,Female
632,csomerbellhj@etsy.com -> mramelethj@xinhuanet.com,Female -> Male
633,lsherhk@irs.gov -> rhaslamhk@mapy.cz,Female
634,lrenfrewhl@home.pl -> shalewoodhl@ustream.tv,Female -> Male
635,wdillimorehm@google.de -> sarmellhm@foxnews.com,Female
636,edowneshn@icq.com -> wbeckleshn@twitpic.com,Male
637,hvanniniho@amazon.co.jp -> chaggarthho@mashable.com,Male
638,ddrummondhp@seattletimes.com -> eobeehp@cocolog-nifty.com,Female
639,espentonhq@ftc.gov -> wandrinihq@arizona.edu,Female -> Male
640,pcrokerhr@hubpages.com -> ffleuryhr@pcworld.com,Non-binary -> Male
641,gdillamorehs@wikipedia.org -> slunnonhs@tamu.edu,Bigender -> Female
642,ibottomoreht@photobucket.com -> gdaulbyht@ow.ly,Female
643,aliccardihu@google.com.br -> cwalklotthu@smugmug.com,Female -> Polygender
644,dbroselhv@businessweek.com -> sdrewitthv@princeton.edu,Female
645,jheafordhw@qq.com -> pgedgehw@eventbrite.com,Male
646,rreppaporthx@businesswire.com -> lduffiehx@youku.com,Female
647,pwalsterhy@house.gov -> hfaunchhy@ted.com,Male
648,rreilingenhz@opensource.org -> hfoisterhz@dailymotion.com,Male -> Female
649,gminerdoi0@alibaba.com -> blegueyi0@freewebs.com,Female
650,jdevorilli1@cpanel.net -> styttertoni1@ox.ac.uk,Male
651,bpoundsfordi2@wix.com -> ajordoni2@usnews.com,Male
652,clancashirei3@twitter.com -> bkitleei3@paginegialle.it,Female -> Male
653,cbranwhitei4@51.la -> ggartenfeldi4@loc.gov,Female -> Male
654,spawsoni5@google.ca -> adoranti5@multiply.com,Female -> Male
655,cbarffordi6@nydailynews.com -> sbawcocki6@washington.edu,Male
656,ccorneljesi7@usgs.gov -> anevillei7@creativecommons.org,Male -> Female
657,fbaudreyi8@chicagotribune.com -> lcraigi8@pbs.org,Male -> Female
658,relnaughi9@unesco.org -> bfrainei9@indiatimes.com,Female -> Male
659,brilingsia@mapy.cz -> lgiovannacciia@barnesandnoble.com,Female
660,clemmonib@dot.gov -> ktoweyib@etsy.com,Female
661,ameaneyic@ted.com -> dzorziic@edublogs.org,Polygender -> Female
662,mnawtonid@amazon.de -> razemarid@stanford.edu,Male -> Female
663,ahinchshawie@wsj.com -> ashilburneie@pinterest.com,Male
664,scullefordif@bandcamp.com -> bryallif@youku.com,Female -> Male
665,mbangleig@guardian.co.uk -> calvaradoig@vistaprint.com,Male
666,srichardsonih@eventbrite.com -> terrolih@ezinearticles.com,Female
667,lgleaderii@ycombinator.com -> kwhitelyii@uol.com.br,Female
668,fflemmichij@nih.gov -> tbrontij@mit.edu,Female
669,dchecciik@diigo.com -> tshillinglawik@google.pl,Female -> Male
670,llimpkinil@mac.com -> sgrishinil@senate.gov,Female
671,mtwitchettim@ameblo.jp -> dguyerim@blogger.com,Female
672,mjohanchonin@fotki.com -> gwhewellin@scribd.com,Male
673,jskymio@nsw.gov.au -> gsalatinoio@xrea.com,Male -> Female
674,sstollenhofip@rambler.ru -> vbransdonip@gov.uk,Female -> Male
675,lspinageiq@merriam-webster.com -> kcherrieiq@ibm.com,Male
676,hbussyir@hhs.gov -> oswynfenir@phoca.cz,Male
677,lkenfordis@economist.com -> pmacmeanmais@barnesandnoble.com,Male
678,lmaccoleit@hibu.com -> ktenniswoodit@elpais.com,Female
679,jgillespieiu@lycos.com -> kbenoyiu@howstuffworks.com,Male
680,kfidelliv@npr.org -> ggrishaniniv@photobucket.com,Female -> Male
681,misackeiw@cam.ac.uk -> mpawlettiw@columbia.edu,Female
682,zflaubertix@netlog.com -> swraxallix@cocolog-nifty.com,Female -> Male
683,akempsoniy@chron.com -> lswaislandiy@phoca.cz,Female -> Male
684,elushiz@exblog.jp -> gsalsbergiz@newsvine.com,Female -> Male
685,abeateyj0@nymag.com -> ibeekmanj0@soundcloud.com,Male
686,mladenj1@foxnews.com -> rodaj1@usda.gov,Female -> Male
687,gryvesj2@stumbleupon.com -> obrutej2@blogs.com,Male
688,ddemetrj3@wikipedia.org -> fdisleyj3@typepad.com,Agender -> Female
689,tdavidovicj4@geocities.com -> lmathisonj4@digg.com,Male -> Female
690,gdavidgej5@earthlink.net -> lvinallj5@1und1.de,Female -> Genderfluid
691,aschrirenj6@is.gd -> afrancescuzzij6@thetimes.co.uk,Female -> Male
692,zdavenportj7@stanford.edu -> csteinhamj7@imgur.com,Male -> Female
693,dbrumbyj8@alexa.com -> mdawidowitzj8@github.io,Male
694,kplumbj9@google.es -> zharroldj9@multiply.com,Male -> Bigender
695,wgleadleja@chicagotribune.com -> wgooderickja@meetup.com,Male
696,afassetjb@scientificamerican.com -> skauschkejb@unicef.org,Female
697,epoolejc@sogou.com -> amasseojc@arstechnica.com,Female -> Male
698,aroustjd@webnode.com -> fchippinjd@drupal.org,Female -> Non-binary
699,nstuddalje@smugmug.com -> kbeautymanje@t.co,Male
700,rkennhamjf@yelp.com -> ymuddicliffejf@so-net.ne.jp,Female -> Male
701,cmccuejg@rediff.com -> espacyjg@youtube.com,Male
702,eparcalljh@bloglines.com -> cmordonjh@merriam-webster.com,Male
703,cbullierji@oracle.com -> resilmonji@boston.com,Male
704,fmingardijj@geocities.jp -> wheindlejj@weibo.com,Female -> Male
705,vmaureenjk@wiley.com -> wriggulsfordjk@cbsnews.com,Female
706,ccristoforjl@webmd.com -> ftyersjl@ihg.com,Female -> Male
707,wdurdenjm@prnewswire.com -> ggreenhaughjm@networkadvertising.org,Male -> Genderfluid
708,hhebbsjn@phoca.cz -> dtaudevinjn@elegantthemes.com,Male -> Female
709,twiskarjo@accuweather.com -> rdemeisjo@ameblo.jp,Male
710,brenshawjp@altervista.org -> ewiskarjp@reference.com,Male
711,ggreensidesjq@wunderground.com -> cgoforthjq@zimbio.com,Male
712,cfearnjr@etsy.com -> jdizliejr@issuu.com,Female -> Male
713,jparringtonjs@tuttocitta.it -> ialexanderssonjs@cpanel.net,Male -> Female
714,ctettjt@slate.com -> gchecojt@mediafire.com,Female -> Male
715,ojuanju@posterous.com -> vbrantju@chron.com,Agender -> Female
716,rdaburnjv@earthlink.net -> qtimperleyjv@patch.com,Male
717,htruelovejw@csmonitor.com -> aholywelljw@ocn.ne.jp,Female -> Male
718,tbraffingtonjx@nytimes.com -> smillsapjx@state.tx.us,Female -> Male
719,kperriejy@ca.gov -> aasplingjy@goo.gl,Male -> Female
720,sfetherstanjz@wikispaces.com -> lfomichyovjz@soup.io,Male
721,kdebrickk0@time.com -> ckubicekk0@nydailynews.com,Female -> Non-binary
722,egotk1@is.gd -> lthoringtonk1@ted.com,Male
723,hevisonk2@answers.com -> hcornsk2@tumblr.com,Male -> Female
724,lpitonek3@java.com -> hclouterk3@blogs.com,Male
725,rpetzk4@technorati.com -> agorstidgek4@umn.edu,Female
726,jroutk5@topsy.com -> twilcinskisk5@behance.net,Male -> Female
727,iwinterbottomk6@timesonline.co.uk -> jlanfarek6@jalbum.net,Male -> Female
728,frockwillk7@amazon.co.uk -> lnessk7@cafepress.com,Female
729,dhaberfieldk8@wufoo.com -> cgysek8@taobao.com,Female -> Male
730,tgoodsalk9@meetup.com -> cwhitewayk9@vk.com,Male
731,hgrocuttka@nps.gov -> cdevaska@discovery.com,Male -> Female
732,rfoggokb@canalblog.com -> mmaccoughenkb@ucoz.com,Male -> Female
733,ksidebothamkc@nhs.uk -> klovattkc@wufoo.com,Male
734,tnutbeamkd@slate.com -> dshuttekd@ucsd.edu,Male
735,lhaugheyke@marketwatch.com -> bgrettonke@cdc.gov,Female -> Male
736,rhargetkf@homestead.com -> bklezmskikf@delicious.com,Female
737,ifearkg@hugedomains.com -> swombwellkg@tinypic.com,Female
738,dmalthuskh@wikia.com -> fhughkh@theatlantic.com,Male
739,ekneathki@technorati.com -> mpeaceki@w3.org,Female
740,ilyfieldkj@uol.com.br -> wkillshawkj@slashdot.org,Male
741,zgorriekk@businessweek.com -> dnaccikk@scientificamerican.com,Male -> Female
742,rferneykl@thetimes.co.uk -> uwhitloekl@wordpress.org,Male -> Female
743,mmcsherrykm@ask.com -> mhaycraftkm@discuz.net,Male -> Female
744,awinwoodkn@gov.uk -> kjentonkn@telegraph.co.uk,Female -> Male
745,lyoleko@bing.com -> cedgeonko@ucla.edu,Male -> Female
746,fllewellinkp@edublogs.org -> shardisonkp@rambler.ru,Female
747,libankq@jalbum.net -> cmcbrierkq@mapquest.com,Female
748,rbowyerkr@cdbaby.com -> tlabinkr@i2i.jp,Female
749,squartlyks@mit.edu -> dpaolucciks@soundcloud.com,Male
750,kdewdneykt@slate.com -> eoffinkt@utexas.edu,Female
751,cgrentku@skyrock.com -> mmcelvogueku@whitehouse.gov,Female
752,aduckitkv@hostgator.com -> jdebiaggikv@vimeo.com,Female -> Male
753,squickendenkw@wunderground.com -> egirdlestonekw@gov.uk,Female
754,mmontillakx@umn.edu -> rjahankx@opensource.org,Male
755,alumpkinky@ftc.gov -> zsymcoxeky@google.fr,Female
756,mainsleykz@reuters.com -> avaudreykz@arizona.edu,Male
757,dsanterl0@booking.com -> bffoulkesl0@artisteer.com,Polygender -> Male
758,astollbergl1@virginia.edu -> tparkeyl1@ihg.com,Male -> Genderqueer
759,ckittlel2@hp.com -> sdoneganl2@t.co,Female -> Non-binary
760,kelnorl3@ucoz.ru -> tglaisnerl3@google.co.jp,Female -> Male
761,lblannl4@netvibes.com -> klimmerl4@symantec.com,Female
762,keverixl5@opensource.org -> gslimanl5@posterous.com,Genderqueer -> Female
763,ltuffieldl6@state.gov -> khandlinl6@cbc.ca,Female
764,djoncicl7@amazon.co.jp -> madanetl7@macromedia.com,Female
765,anoarl8@earthlink.net -> sleylandl8@ameblo.jp,Female -> Male
766,hdoodneyl9@prnewswire.com -> vdrayel9@hexun.com,Female
767,wmilthorpela@ucsd.edu -> dwhallla@example.com,Male
768,jorhrtlb@hexun.com -> agehrtslb@sciencedaily.com,Female
769,rpaicelc@odnoklassniki.ru -> fevangelinoslc@ezinearticles.com,Male
770,hjudkinsld@latimes.com -> eoquinld@g.co,Male -> Genderqueer
771,rgrederle@eepurl.com -> ncoele@pcworld.com,Male -> Female
772,krobisonlf@nytimes.com -> pruddomlf@sakura.ne.jp,Female -> Male
773,epashleylg@shinystat.com -> lcapelinlg@ibm.com,Male -> Bigender
774,awhertonlh@fotki.com -> shalloweslh@columbia.edu,Non-binary -> Female
775,dvoiseyli@wikispaces.com -> ggosforthli@upenn.edu,Female
776,lhamnetlj@w3.org -> svansonlj@twitpic.com,Male
777,bdarrigrandlk@csmonitor.com -> fheistermannlk@uiuc.edu,Female -> Male
778,hlilleyll@elpais.com -> dregill@bing.com,Male
779,abiddlestonelm@umn.edu -> bdederichlm@state.gov,Female -> Male
780,odemezaln@usgs.gov -> aizodln@admin.ch,Male -> Female
781,svassarlo@elpais.com -> jantognellilo@diigo.com,Female -> Male
782,dwheeltonlp@nature.com -> woherlihylp@sourceforge.net,Male
783,cfyerslq@addtoany.com -> rdoblelq@opera.com,Male -> Female
784,dmatschkelr@yellowpages.com -> mkubicalr@auda.org.au,Male
785,fhammellls@washington.edu -> mbernardyls@bloomberg.com,Female
786,ggowanlt@businessweek.com -> kpedrolt@newsvine.com,Genderqueer -> Male
787,rkitchenmanlu@constantcontact.com -> nizatsonlu@twitpic.com,Male
788,gcammlv@clickbank.net -> jcarringtonlv@newyorker.com,Female -> Male
789,alawtielw@networksolutions.com -> orosengrenlw@lycos.com,Female
790,rkidbylx@twitter.com -> mhaguelx@hibu.com,Male
791,pogerly@pinterest.com -> ljobinly@ifeng.com,Male -> Female
792,bwieprechtlz@cmu.edu -> bprestneylz@abc.net.au,Female
793,cenionm0@prnewswire.com -> ahuxleym0@google.nl,Female -> Male
794,rwaterm1@taobao.com -> kwatsonm1@samsung.com,Female
795,dbehnenm2@sitemeter.com -> fstudartm2@twitter.com,Female
796,abawdenm3@loc.gov -> acasinam3@infoseek.co.jp,Polygender
797,mfrearsm4@boston.com -> abilovusm4@squidoo.com,Female -> Male
798,hcholertonm5@hatena.ne.jp -> bdoylendm5@marketwatch.com,Male -> Female
799,wskyppem6@gmpg.org -> mculletonm6@sciencedaily.com,Male -> Female
800,laustonm7@a8.net -> smcelvinem7@multiply.com,Female -> Polygender
801,pmillerym8@soup.io -> nmuddlem8@mozilla.org,Male -> Female
802,lquiltym9@google.pl -> aoroanm9@t-online.de,Male
803,swoodgerma@constantcontact.com -> cdomsallama@friendfeed.com,Male
804,bspillardmb@geocities.com -> jcrummeymb@google.de,Male -> Female
805,ngoscombmc@squarespace.com -> gguymermc@wunderground.com,Male
806,jlabrouemd@narod.ru -> fdautrymd@fc2.com,Male -> Female
807,agallacciome@gmpg.org -> rousbyme@amazonaws.com,Non-binary -> Male
808,jdowzellmf@noaa.gov -> tdasmf@naver.com,Female
809,rmeronmg@weibo.com -> fmustomg@google.ru,Male
810,rmackeigmh@globo.com -> clindbackmh@geocities.com,Male -> Agender
811,shatliffemi@salon.com -> spellissiermi@census.gov,Male -> Female
812,escimonemj@sun.com -> dfalkmj@reference.com,Female -> Male
813,cmountmk@zimbio.com -> lbarbosamk@businesswire.com,Male
814,bmcfadinml@cam.ac.uk -> dlongmanml@sciencedaily.com,Female -> Male
815,asollowaymm@vkontakte.ru -> wdoeymm@dailymotion.com,Female
816,mdanilevichmn@ucoz.ru -> gfarrismn@alibaba.com,Polygender -> Male
817,hmcminnmo@washingtonpost.com -> klukockmo@hostgator.com,Male -> Female
818,dofeenymp@cafepress.com -> gfriermp@springer.com,Male -> Polygender
819,bhurranmq@rambler.ru -> ntestomq@last.fm,Female
820,ewilflingermr@alexa.com -> ijosilevichmr@joomla.org,Female -> Male
821,pachesonms@eventbrite.com -> mmuzzallms@devhub.com,Female
822,iwhettonmt@army.mil -> sstartonmt@home.pl,Female
823,cminicomu@umich.edu -> cmoulstermu@google.cn,Male -> Genderfluid
824,mvernazzamv@google.ru -> rkopmv@uiuc.edu,Female
825,aalthorpemw@nba.com -> mbrighteymw@ftc.gov,Female
826,dtoplingmx@google.fr -> bfellowsmx@adobe.com,Female -> Male
827,aschellemy@ocn.ne.jp -> cmorenamy@globo.com,Non-binary -> Male
828,dclissmz@icq.com -> mmascallmz@yale.edu,Male
829,sbabingtonn0@pen.io -> tcauleyn0@free.fr,Female -> Male
830,kradnagen1@biglobe.ne.jp -> sfilippyevn1@google.com.hk,Male -> Female
831,ipyattn2@yolasite.com -> bbraunstonn2@unesco.org,Male
832,cshallown3@twitpic.com -> tstrathen3@multiply.com,Female
833,ktofanellin4@technorati.com -> apickerelln4@typepad.com,Male
834,ucobainn5@mtv.com -> kferrarion5@so-net.ne.jp,Male -> Female
835,dthirtlen6@jigsy.com -> cfumagalln6@istockphoto.com,Male -> Female
836,rkynettn7@kickstarter.com -> tbromigen7@toplist.cz,Male
837,igalpinn8@fda.gov -> bvialsn8@lycos.com,Male -> Polygender
838,ddoubledayn9@wp.com -> vandreevn9@vistaprint.com,Male -> Agender
839,bmaccaguena@liveinternet.ru -> smathissenna@g.co,Non-binary -> Male
840,bmouldsnb@domainmarket.com -> craingernb@hexun.com,Male
841,mjealousnc@elpais.com -> abollenc@upenn.edu,Female -> Male
842,agaskallnd@cbslocal.com -> rantyukhinnd@nbcnews.com,Male -> Female
843,tenterlene@dyndns.org -> fpearlene@github.io,Male
844,rtyhurstnf@miibeian.gov.cn -> thargittnf@paypal.com,Male -> Female
845,cdullaghanng@youtu.be -> ktrewmanng@linkedin.com,Male -> Female
846,rboyannh@google.ru -> cconeybeernh@slate.com,Female -> Male
847,rbernierni@nifty.com -> lmelloini@example.com,Female
848,dscreasenj@blog.com -> ndrydalenj@wunderground.com,Female -> Male
849,gechalienk@blogtalkradio.com -> dbruynsnk@sohu.com,Male -> Female
850,finksternl@seesaa.net -> bmathiotnl@sciencedaily.com,Male -> Female
851,ygerratynm@senate.gov -> gmccriskennm@squarespace.com,Male
852,hchaziernn@exblog.jp -> rhusbandnn@github.com,Male -> Female
853,mmcgrowtherno@prweb.com -> wmarnaneno@pagesperso-orange.fr,Female -> Male
854,kstimpsonnp@home.pl -> gcrightonnp@plala.or.jp,Female -> Male
855,cbromellnq@miibeian.gov.cn -> schalonernq@quantcast.com,Female -> Male
856,ccajklernr@yahoo.com -> amcglaughnnr@istockphoto.com,Genderfluid -> Male
857,rcalenderns@yellowbook.com -> mchandlarns@aboutads.info,Female
858,pmckevittnt@freewebs.com -> rjoirent@bing.com,Male
859,mscottnu@clickbank.net -> drobbenu@rambler.ru,Bigender -> Male
860,rbamlettnv@ucla.edu -> aashwinnv@joomla.org,Genderqueer -> Female
861,blavallenw@tumblr.com -> mgreendalenw@state.tx.us,Genderfluid -> Male
862,bburetnx@yellowpages.com -> ncurrumnx@cafepress.com,Polygender -> Male
863,jdheninny@amazonaws.com -> emcwardny@dailymail.co.uk,Female -> Genderqueer
864,ahingenz@usda.gov -> lbyffordnz@phpbb.com,Genderqueer -> Male
865,sebourneo0@dmoz.org -> hpaneo0@va.gov,Genderfluid -> Male
866,rsallingero1@yellowpages.com -> ttremoilleo1@biblegateway.com,Female -> Male
867,dosborneo2@nbcnews.com -> mgiffkinso2@blog.com,Female
868,kmauntono3@furl.net -> bframminghamo3@spotify.com,Female -> Male
869,ctomasiano4@dailymail.co.uk -> astachinio4@wikia.com,Male
870,orumino5@yale.edu -> sedgerlyo5@ameblo.jp,Female -> Male
871,mchassono6@flickr.com -> djohnkeo6@toplist.cz,Male
872,tdurnoo7@soup.io -> zpottieo7@com.com,Male -> Female
873,lbligho8@smh.com.au -> fhealo8@arizona.edu,Male -> Female
874,pdagwello9@businesswire.com -> apimlotto9@economist.com,Male
875,asielyoa@cam.ac.uk -> mphilottoa@phpbb.com,Female -> Male
876,ahickissonob@nps.gov -> efishbournob@over-blog.com,Male -> Bigender
877,rspridgenoc@vk.com -> dritsonoc@icio.us,Male -> Non-binary
878,ccolquhounod@dell.com -> awildgooseod@oaic.gov.au,Female
879,jbrungeroe@toplist.cz -> cartinoe@oaic.gov.au,Female
880,gcozziof@marketwatch.com -> lodowdof@networksolutions.com,Female -> Male
881,bmacvainog@w3.org -> ibrumheadog@ucsd.edu,Male
882,nhadlowoh@bandcamp.com -> rrobkeoh@rambler.ru,Male -> Female
883,aleifoi@csmonitor.com -> pobingtonoi@irs.gov,Agender -> Male
884,mbowichoj@princeton.edu -> glidgettoj@ucoz.ru,Bigender -> Non-binary
885,tgothliffok@aol.com -> idossetterok@nydailynews.com,Female -> Male
886,ahobbleol@artisteer.com -> icohaneol@php.net,Female -> Male
887,amackilpatrickom@independent.co.uk -> coatenom@npr.org,Male -> Female
888,pmcmarquison@indiatimes.com -> mdakinon@nyu.edu,Female
889,lwildishoo@so-net.ne.jp -> jcokelyoo@ox.ac.uk,Female -> Male
890,gknowlingop@usnews.com -> nfrigotop@whitehouse.gov,Male -> Female
891,hhadlowoq@dedecms.com -> ajeavesoq@imgur.com,Male -> Genderfluid
892,vlearmanor@earthlink.net -> skruszelnickior@biblegateway.com,Non-binary -> Male
893,abassanoos@amazon.co.uk -> isyeros@e-recht24.de,Female
894,mmundellot@twitter.com -> jchatelot@list-manage.com,Female
895,cmorrittou@tuttocitta.it -> kbalaizotou@opensource.org,Male
896,lstagov@apple.com -> prenneyov@amazon.de,Male
897,fcostanow@blogs.com -> mlepopeow@army.mil,Female -> Male
898,treimersox@dot.gov -> jcrenshawox@usnews.com,Female
899,agreensalloy@phoca.cz -> cshurlockoy@narod.ru,Non-binary -> Female
900,rstriplingoz@shareasale.com -> rfoulgeroz@csmonitor.com,Female -> Male
901,tlearmountp0@delicious.com -> mpundp0@pbs.org,Genderqueer -> Male
902,vlettucep1@tripadvisor.com -> mwytchardp1@usa.gov,Female -> Male
903,bdyterp2@alibaba.com -> gwathenp2@bigcartel.com,Female
904,thamiltonp3@domainmarket.com -> dduesburyp3@java.com,Female -> Male
905,mweondp4@reference.com -> tbrouwerp4@google.ru,Female -> Male
906,tbrimmicombep5@unblog.fr -> akuberap5@indiegogo.com,Male -> Female
907,eshivlinp6@eventbrite.com -> jrickeardp6@buzzfeed.com,Polygender -> Female
908,jrigbyp7@skype.com -> lmillingtonp7@addtoany.com,Bigender -> Male
909,zyellowleap8@amazon.de -> cmcbridep8@taobao.com,Female -> Male
910,cmckeneyp9@kickstarter.com -> tkobup9@storify.com,Female -> Male
911,srowantreepa@telegraph.co.uk -> wpaslowpa@bloomberg.com,Male
912,ybenitopb@elegantthemes.com -> sjaquemepb@fc2.com,Male
913,fbroadwellpc@independent.co.uk -> rrickcordpc@china.com.cn,Male -> Female
914,qtruslerpd@kickstarter.com -> mimlenpd@nbcnews.com,Female -> Male
915,mkibelpe@google.es -> wpadsonpe@dailymotion.com,Female -> Male
916,jtrowerpf@cnn.com -> yoldknowpf@google.es,Female
917,rhentzerpg@npr.org -> cgaunsonpg@mysql.com,Female
918,lsturgesph@dailymail.co.uk -> reassomph@google.pl,Male -> Female
919,jwinsperpi@ftc.gov -> jdoncasterpi@statcounter.com,Male -> Female
920,bboatepj@va.gov -> gkeelinpj@sbwire.com,Female -> Male
921,jlovelesspk@prlog.org -> nlavallepk@house.gov,Male -> Female
922,ajachimczakpl@hibu.com -> jsowoodpl@myspace.com,Female -> Male
923,bspirpm@forbes.com -> nbouskillpm@e-recht24.de,Female -> Male
924,jbrunnsteinpn@blog.com -> agalletleypn@t.co,Female
925,fgrittonpo@addthis.com -> alysonspo@google.ca,Female -> Male
926,gpossepp@miibeian.gov.cn -> smunnionpp@cam.ac.uk,Female
927,vdawneypq@cisco.com -> lcardpq@hc360.com,Male
928,rcumptonpr@springer.com -> csquibbspr@census.gov,Genderqueer -> Male
929,bcrokerps@dmoz.org -> gcristofanops@sphinn.com,Male
930,isalleirpt@storify.com -> sdeenypt@phpbb.com,Female
931,lhearleypu@skyrock.com -> tchesneypu@people.com.cn,Female -> Male
932,arosingdallpv@webeden.co.uk -> pcarneckpv@upenn.edu,Female
933,mparcellpw@amazonaws.com -> ahollingtonpw@geocities.com,Female
934,aeilhartpx@blogtalkradio.com -> esisleypx@is.gd,Female -> Male
935,gboadbypy@thetimes.co.uk -> memmenspy@dedecms.com,Female
936,ndouglisspz@mapquest.com -> mgeraudelpz@unicef.org,Female
937,aobrianq0@shop-pro.jp -> cbucklanq0@uiuc.edu,Female
938,gaartsenq1@forbes.com -> glowdyaneq1@google.ru,Female -> Male
939,mmckiddinq2@furl.net -> hphillpq2@google.ca,Polygender -> Female
940,hkirkamq3@aol.com -> bhutchinq3@latimes.com,Female
941,sleleuq4@nhs.uk -> bhanscombq4@baidu.com,Female
942,bondrichq5@yandex.ru -> kchasmorq5@mayoclinic.com,Male -> Female
943,bflaniganq6@yellowbook.com -> dharrissonq6@nasa.gov,Male
944,jweldrakeq7@godaddy.com -> sfeigeq7@ustream.tv,Male -> Female
945,jsecretq8@pagesperso-orange.fr -> abuncomq8@youtu.be,Male
946,lrosenhauptq9@cnbc.com -> jjurgensenq9@skype.com,Female -> Male
947,asaleryqa@shinystat.com -> psyselandqa@census.gov,Male
948,acodemanqb@cbslocal.com -> mkiezlerqb@free.fr,Agender -> Female
949,lwileyqc@accuweather.com -> lmiddlemistqc@tuttocitta.it,Female -> Male
950,jlindenbaumqd@gov.uk -> bscarceqd@ebay.com,Female -> Male
951,lzamoranoqe@hhs.gov -> ebushbyqe@furl.net,Female -> Male
952,fgillcristqf@cafepress.com -> tenockssonqf@economist.com,Female
953,rabsolonqg@reverbnation.com -> cgiovannacciqg@slashdot.org,Male -> Female
954,lwadeqh@creativecommons.org -> eshouldersqh@g.co,Non-binary -> Female
955,bhannamqi@telegraph.co.uk -> mbolverqi@nyu.edu,Female -> Polygender
956,srobakqj@wordpress.org -> mclarageqj@bloglines.com,Female -> Male
957,ekeefeqk@bbb.org -> gegarqk@imdb.com,Female -> Male
958,sbroadeyql@seesaa.net -> vthomsql@psu.edu,Female
959,ssandercroftqm@toplist.cz -> lgierkeqm@theguardian.com,Female -> Male
960,trodriguezqn@devhub.com -> jjaynesqn@bloglovin.com,Male
961,bbremmerqo@jigsy.com -> scrutchqo@google.pl,Male -> Non-binary
962,lfiggqp@wikispaces.com -> rhiscocksqp@reference.com,Female -> Male
963,kmeeceqq@blog.com -> kdugmoreqq@senate.gov,Female
964,lcallejaqr@huffingtonpost.com -> jkobierzyckiqr@nyu.edu,Genderqueer -> Male
965,mtidswellqs@phpbb.com -> sdunleavyqs@hexun.com,Female
966,cberntssonqt@wordpress.org -> wpiersqt@accuweather.com,Male
967,hhampqu@yelp.com -> shoulridgequ@gravatar.com,Male
968,woboyqv@gov.uk -> alattosqv@chron.com,Female -> Male
969,lpichanqw@epa.gov -> equartermanqw@mediafire.com,Female -> Male
970,twynchqx@mapy.cz -> ccombeqx@businessinsider.com,Female -> Male
971,etootalqy@icio.us -> bzavittieriqy@zdnet.com,Male
972,lrawleqz@about.com -> chaxbieqz@elpais.com,Female
973,fbontoftr0@privacy.gov.au -> gmarshallr0@behance.net,Polygender -> Male
974,gzanicchir1@who.int -> mportressr1@wordpress.com,Female -> Bigender
975,efumagallor2@addthis.com -> bvilliersr2@twitter.com,Female -> Male
976,cwortr3@biblegateway.com -> ecowlesr3@surveymonkey.com,Female -> Male
977,hmeltetalr4@npr.org -> oklusr4@themeforest.net,Male -> Female
978,lphilpottr5@xinhuanet.com -> pkocherr5@berkeley.edu,Genderfluid -> Female
979,mrivelr6@hexun.com -> jpetrour6@hatena.ne.jp,Male -> Female
980,alumbersr7@mapquest.com -> tkarlikr7@paginegialle.it,Female
981,dfenimorer8@shutterfly.com -> cjiracekr8@huffingtonpost.com,Agender -> Male
982,mtomovicr9@mashable.com -> uharteleyr9@360.cn,Non-binary -> Female
983,bfebenra@comcast.net -> kbellangerra@newsvine.com,Female
984,jreppaportrb@tuttocitta.it -> bnuthrb@loc.gov,Female -> Male
985,mmolanrc@google.com.br -> hgallahuerc@princeton.edu,Female -> Male
986,rheinekingrd@ucla.edu -> jtakisrd@discuz.net,Agender -> Female
987,bhumbertre@msn.com -> lcolebournre@fda.gov,Male -> Female
988,dlyddenrf@mapy.cz -> apeggrf@odnoklassniki.ru,Female
989,lbirtlesrg@sohu.com -> mlogesrg@army.mil,Female -> Male
990,gbalsomrh@cdbaby.com -> twoltmanrh@mashable.com,Male
991,rzellickri@cbslocal.com -> ioliddyri@admin.ch,Bigender -> Male
992,pbairstowrj@drupal.org -> ssymingtonrj@java.com,Male -> Female
993,obottomleyrk@photobucket.com -> hhallowayrk@ask.com,Male -> Female
994,ycreadyrl@t.co -> ccoppledikerl@ifeng.com,Genderfluid -> Female
995,rroystonrm@yahoo.com -> hkasperskirm@github.com,Female -> Male
996,bmintorn@usda.gov -> bbawlesrn@goo.gl,Female -> Male
997,tmerigeauro@geocities.com -> npoynorro@virginia.edu,Female -> Male
998,eriehmrp@accuweather.com -> giacovacciorp@dion.ne.jp,Male
999,vhinckleyrq@ucoz.com -> gshippardrq@creativecommons.org,Genderqueer -> Female
1000,acasassarr@usa.gov -> hlenardrr@hexun.com,Genderqueer -> Female
