id,first_name,last_name,email,gender,ip_address
1,Mira,Beatens,mbeatens0@tinyurl.com,Female,201.108.163.200
2,Shayne,Spottiswoode,sspottiswoode1@plala.or.jp,Genderqueer,184.147.249.8
3,Cyrillus,Dusting,cdusting2@moonfruit.com,Male,27.37.119.236
4,Rivy,Hugonet,rhugonet3@bing.com,Female,53.215.59.159
5,Daven,Hawket,dhawket4@army.mil,Male,34.95.119.11
6,Matthaeus,Hoggetts,mhoggetts5@canalblog.com,Male,18.189.23.127
7,Tyrone,Yersin,tyersin6@cbslocal.com,Male,176.246.44.215
8,Jonas,Ruggieri,jruggieri7@flickr.com,Male,176.173.188.115
9,Christiano,Plait,cplait8@ucoz.ru,Male,67.66.38.223
10,Fanechka,Jone,fjone9@simplemachines.org,Female,187.7.254.155
11,Malchy,Borit,mborita@prlog.org,Male,117.220.180.69
12,Wylie,Springford,wspringfordb@so-net.ne.jp,Male,231.181.90.193
13,Edmon,Tidball,etidballc@apache.org,Male,121.206.248.111
14,Dell,Niccolls,dniccollsd@house.gov,Male,77.215.5.80
15,Suellen,Andryushin,sandryushine@live.com,Female,248.72.127.199
16,Kiersten,Murdy,kmurdyf@who.int,Female,107.36.109.149
17,Karissa,Skews,kskewsg@shinystat.com,Female,20.70.193.5
18,Nicko,Lutsch,nlutschh@discuz.net,Male,236.244.139.225
19,Korey,Dibsdale,kdibsdalei@123-reg.co.uk,Male,194.23.183.122
20,Kissiah,Metts,kmettsj@epa.gov,Female,77.32.76.215
21,Bambie,Whaplington,bwhaplingtonk@youtu.be,Female,231.39.10.155
22,Fredrick,Skinn,fskinnl@techcrunch.com,Male,16.108.5.126
23,Kippy,Stockford,kstockfordm@surveymonkey.com,Male,242.123.145.54
24,Orran,O'Dempsey,oodempseyn@indiatimes.com,Male,166.50.102.5
25,Reinaldo,Febry,rfebryo@discovery.com,Male,186.45.56.85
26,Kettie,Iorizzo,kiorizzop@nih.gov,Female,18.57.156.3
27,Annamaria,Blatchford,ablatchfordq@ted.com,Female,112.220.154.88
28,Lissi,Totterdill,ltotterdillr@unicef.org,Female,160.187.208.175
29,Bernete,Massel,bmassels@upenn.edu,Female,250.160.89.122
30,Sauveur,Crichton,scrichtont@shutterfly.com,Male,189.170.129.182
31,Granthem,Clunan,gclunanu@vimeo.com,Male,88.120.114.159
32,Rosalyn,Lantuffe,rlantuffev@deviantart.com,Female,189.213.190.92
33,Lammond,Bru,lbruw@army.mil,Male,135.241.131.161
34,Grove,Poulgreen,gpoulgreenx@oakley.com,Male,124.130.179.154
35,Lexy,Radwell,lradwelly@sakura.ne.jp,Female,59.87.77.154
36,Lillian,Enocksson,lenockssonz@etsy.com,Female,91.237.254.248
37,Micki,Cayzer,mcayzer10@hhs.gov,Female,1.71.50.214
38,Sal,Burnard,sburnard11@desdev.cn,Female,17.7.179.127
39,Andria,Scoon,ascoon12@bbb.org,Female,199.14.2.138
40,Wain,Kwietek,wkwietek13@creativecommons.org,Male,139.119.24.69
41,Porter,Danher,pdanher14@ow.ly,Male,220.111.158.110
42,Sean,Harme,sharme15@usnews.com,Male,173.88.14.121
43,Koressa,Carvil,kcarvil16@bluehost.com,Female,111.1.194.83
44,Karilynn,Wenzel,kwenzel17@vkontakte.ru,Female,216.90.187.56
45,Hinda,McKinie,hmckinie18@seattletimes.com,Female,117.51.195.95
46,Emilio,McNally,emcnally19@msu.edu,Male,53.18.188.12
47,Myca,Scuffham,mscuffham1a@oracle.com,Male,61.234.58.145
48,Richardo,Beidebeke,rbeidebeke1b@irs.gov,Male,187.73.124.170
49,Albrecht,Ashman,aashman1c@blogs.com,Non-binary,54.155.23.223
50,Stephanus,Bevans,sbevans1d@kickstarter.com,Male,233.123.51.125
51,Alexei,Gowanlock,agowanlock1e@sourceforge.net,Male,171.208.148.41
52,Cherie,Cawthorn,ccawthorn1f@google.nl,Female,60.142.129.58
53,Aindrea,Cheesman,acheesman1g@amazon.co.jp,Female,190.120.24.67
54,Frayda,Van der Daal,fvanderdaal1h@yale.edu,Female,110.107.30.98
55,Kata,Woodley,kwoodley1i@addtoany.com,Female,177.205.103.145
56,Reeva,Bentinck,rbentinck1j@adobe.com,Female,65.216.38.142
57,Babita,Cullotey,bcullotey1k@edublogs.org,Female,239.224.203.88
58,Nicol,Gathercole,ngathercole1l@bbb.org,Female,194.240.209.93
59,Sari,Gunthorpe,sgunthorpe1m@smugmug.com,Female,101.23.170.222
60,Carly,Sharpe,csharpe1n@timesonline.co.uk,Male,143.108.175.28
61,Tonya,Mcettrick,tmcettrick1o@mysql.com,Female,33.8.174.32
62,Tiler,Townshend,ttownshend1p@cpanel.net,Male,166.123.114.24
63,Crin,Tammadge,ctammadge1q@economist.com,Female,62.184.17.249
64,Fritz,Balbeck,fbalbeck1r@unesco.org,Male,168.0.195.39
65,Shepperd,Crucetti,scrucetti1s@cnbc.com,Agender,227.93.109.69
66,Warde,Kreber,wkreber1t@house.gov,Polygender,80.86.97.217
67,Gerardo,Leynham,gleynham1u@cbsnews.com,Male,21.184.112.12
68,Flss,Boleyn,fboleyn1v@uiuc.edu,Female,248.113.50.249
69,Andris,Sawrey,asawrey1w@hostgator.com,Male,32.107.29.117
70,Ilise,Esche,iesche1x@clickbank.net,Female,186.7.77.44
71,Rudolfo,Kiddey,rkiddey1y@theatlantic.com,Non-binary,228.212.204.108
72,Claretta,Floris,cfloris1z@independent.co.uk,Female,126.94.219.216
73,Che,Spiniello,cspiniello20@arizona.edu,Male,166.16.40.37
74,Caron,Carthew,ccarthew21@nasa.gov,Female,134.160.70.136
75,Roslyn,Jensen,rjensen22@yellowbook.com,Female,220.103.49.16
76,Gene,Portingale,gportingale23@youtu.be,Male,135.6.197.170
77,Bernette,Sibbe,bsibbe24@dagondesign.com,Female,139.69.56.208
78,Eddy,Water,ewater25@jalbum.net,Female,194.137.214.233
79,Elmore,Loveday,eloveday26@amazon.de,Male,123.139.199.105
80,Chas,Heimes,cheimes27@deliciousdays.com,Male,247.4.213.181
81,Rube,Dowdeswell,rdowdeswell28@amazon.co.jp,Male,78.60.172.203
82,Stanwood,Lerwell,slerwell29@slate.com,Male,27.183.82.22
83,Alexei,Fallawe,afallawe2a@behance.net,Male,93.231.140.94
84,Crosby,Lanktree,clanktree2b@patch.com,Male,142.151.203.229
85,Townsend,Huxham,thuxham2c@tmall.com,Male,4.107.13.204
86,Rodolfo,Hargroves,rhargroves2d@nytimes.com,Male,68.105.45.70
87,Benoit,Shout,bshout2e@themeforest.net,Non-binary,214.12.248.128
88,Noelle,Pigford,npigford2f@globo.com,Female,43.104.105.152
89,Elka,MacAllister,emacallister2g@goo.ne.jp,Female,143.221.61.122
90,Charita,Bauchop,cbauchop2h@google.pl,Female,148.55.147.182
91,Duffie,Cathery,dcathery2i@discuz.net,Male,76.15.118.80
92,Reagen,Doonican,rdoonican2j@alexa.com,Male,245.244.193.111
93,Claire,Pettyfer,cpettyfer2k@a8.net,Female,50.236.96.222
94,Elenore,MacAllister,emacallister2l@i2i.jp,Female,151.204.60.74
95,Angelika,Ginner,aginner2m@alibaba.com,Female,180.81.153.75
96,Abraham,Nana,anana2n@taobao.com,Male,130.200.145.26
97,Domenico,Clemes,dclemes2o@sogou.com,Male,141.145.194.184
98,Elnore,Wakely,ewakely2p@gmpg.org,Genderqueer,165.36.34.86
99,Roma,Warry,rwarry2q@who.int,Male,246.213.130.213
100,Humfried,Ismirnioglou,hismirnioglou2r@cisco.com,Genderqueer,125.71.69.41
101,Josephina,Gathercoal,jgathercoal2s@tripod.com,Female,44.254.67.29
102,Reinaldo,Jedrzej,rjedrzej2t@dion.ne.jp,Male,151.186.85.102
103,Grazia,Duker,gduker2u@ameblo.jp,Female,102.147.127.159
104,Jasmine,Cruwys,jcruwys2v@desdev.cn,Female,99.222.42.191
105,Sydney,Squeers,ssqueers2w@cargocollective.com,Male,3.178.63.175
106,Dal,Baxstar,dbaxstar2x@yellowbook.com,Male,16.116.197.4
107,Joanie,Hechlin,jhechlin2y@t-online.de,Female,102.135.126.59
108,Gae,Papa,gpapa2z@eepurl.com,Female,180.198.24.128
109,Della,Curnnokk,dcurnnokk30@china.com.cn,Female,113.144.134.223
110,Conrade,Tyght,ctyght31@printfriendly.com,Male,167.3.70.249
111,Vyky,Ganter,vganter32@hubpages.com,Female,74.112.215.176
112,Keary,MacRannell,kmacrannell33@answers.com,Male,36.176.86.148
113,Vivianne,Issakov,vissakov34@utexas.edu,Female,51.201.91.111
114,Sebastien,Connal,sconnal35@wisc.edu,Male,245.160.249.36
115,Jeremy,Kenrat,jkenrat36@ftc.gov,Male,214.246.175.140
116,Freddie,Hardbattle,fhardbattle37@spotify.com,Male,182.119.134.242
117,Bartholomeo,Dusting,bdusting38@who.int,Male,82.92.53.242
118,Pammy,Perdue,pperdue39@rambler.ru,Female,80.198.221.47
119,Sayre,Dwyr,sdwyr3a@pinterest.com,Female,33.45.177.28
120,Antony,Mahedy,amahedy3b@nydailynews.com,Genderqueer,109.220.123.94
121,Beau,Cosslett,bcosslett3c@dyndns.org,Male,243.209.17.103
122,Evangelia,Aglione,eaglione3d@cnet.com,Female,19.57.243.244
123,Verne,Scarrott,vscarrott3e@w3.org,Male,130.255.18.27
124,Vaughn,Deplacido,vdeplacido3f@apache.org,Male,145.167.234.7
125,Salmon,Risbrough,srisbrough3g@ucsd.edu,Male,33.164.143.246
126,Allyce,De Souza,adesouza3h@ebay.com,Female,173.100.113.98
127,Cordey,Tante,ctante3i@goodreads.com,Genderqueer,13.205.122.9
128,Ahmad,Bisco,abisco3j@istockphoto.com,Male,108.234.186.15
129,Hannis,Sikorsky,hsikorsky3k@wix.com,Bigender,134.250.229.182
130,Viv,Wardingley,vwardingley3l@domainmarket.com,Female,47.68.218.210
131,Baryram,Benardet,bbenardet3m@google.it,Male,102.35.217.12
132,Charlie,Mossbee,cmossbee3n@yolasite.com,Male,25.233.205.227
133,Norrie,Wooldridge,nwooldridge3o@ustream.tv,Female,30.96.82.239
134,Berty,Hullot,bhullot3p@buzzfeed.com,Female,255.87.84.17
135,Justine,Simkovitz,jsimkovitz3q@yellowpages.com,Female,205.111.237.89
136,Luise,McLelland,lmclelland3r@themeforest.net,Genderqueer,113.45.58.52
137,Karly,Saice,ksaice3s@cpanel.net,Female,98.170.151.174
138,Heall,Wolfendell,hwolfendell3t@phpbb.com,Male,34.121.233.193
139,Holden,Gallop,hgallop3u@dailymail.co.uk,Male,198.33.76.143
140,Ashton,Elster,aelster3v@wikimedia.org,Bigender,110.155.230.72
141,Harli,Gurys,hgurys3w@miitbeian.gov.cn,Genderfluid,105.204.162.14
142,Harri,Mackriell,hmackriell3x@symantec.com,Female,152.86.73.127
143,Annadiane,Vane,avane3y@google.de,Genderqueer,33.12.56.107
144,Tonye,Hinemoor,thinemoor3z@wunderground.com,Female,249.226.49.54
145,Bartholemy,Dewett,bdewett40@fotki.com,Male,245.107.232.69
146,Caril,Bontine,cbontine41@nba.com,Female,208.82.186.209
147,Consolata,Chadwick,cchadwick42@rakuten.co.jp,Agender,83.236.48.19
148,Arthur,Woolliams,awoolliams43@sbwire.com,Non-binary,236.227.71.120
149,Wang,Weinmann,wweinmann44@stumbleupon.com,Male,121.1.206.60
150,Ephraim,McRill,emcrill45@xrea.com,Male,139.207.209.62
151,Venita,Sinton,vsinton46@prnewswire.com,Female,46.236.157.173
152,Ferris,Biggadyke,fbiggadyke47@bizjournals.com,Male,23.8.210.137
153,Kania,Killbey,kkillbey48@behance.net,Female,112.119.114.3
154,Ardis,MacRory,amacrory49@elpais.com,Polygender,119.144.171.173
155,Jodie,Goldsmith,jgoldsmith4a@webeden.co.uk,Male,191.205.13.233
156,Ladonna,Roxburch,lroxburch4b@dagondesign.com,Female,75.59.42.118
157,Hayes,Marthen,hmarthen4c@mit.edu,Male,191.140.130.85
158,Guenevere,Aleksandrev,galeksandrev4d@list-manage.com,Female,226.53.170.172
159,Coralie,Chudleigh,cchudleigh4e@slate.com,Genderqueer,135.118.181.84
160,Barbie,Deppe,bdeppe4f@ftc.gov,Female,24.8.81.139
161,Celine,Jorn,cjorn4g@accuweather.com,Female,127.137.180.189
162,Romona,Downie,rdownie4h@goodreads.com,Female,79.15.2.81
163,Chere,Chellingworth,cchellingworth4i@yellowbook.com,Female,211.59.172.125
164,Jonell,Pighills,jpighills4j@tiny.cc,Female,62.137.243.196
165,Wilburt,Dingwall,wdingwall4k@dailymotion.com,Male,167.126.13.87
166,Georgeanna,Jeckells,gjeckells4l@ihg.com,Genderqueer,250.210.41.242
167,Nick,Bourley,nbourley4m@topsy.com,Male,83.193.61.158
168,Samaria,Beckson,sbeckson4n@mail.ru,Female,224.78.31.202
169,Loralee,Glencorse,lglencorse4o@sogou.com,Female,91.239.115.126
170,Berri,Harriday,bharriday4p@guardian.co.uk,Female,167.116.85.174
171,Carry,Stairmond,cstairmond4q@google.co.jp,Female,26.86.204.32
172,Natale,Barrowcliffe,nbarrowcliffe4r@patch.com,Male,159.137.103.244
173,Gibb,Eccleshall,geccleshall4s@cyberchimps.com,Agender,206.90.130.127
174,Vidovik,Frame,vframe4t@biblegateway.com,Male,188.225.189.50
175,Salim,Ashborne,sashborne4u@friendfeed.com,Male,123.117.150.61
176,Hammad,Warry,hwarry4v@360.cn,Bigender,79.97.87.49
177,Hieronymus,Statersfield,hstatersfield4w@cnn.com,Male,163.85.225.219
178,Hollie,O'Scanlon,hoscanlon4x@msu.edu,Female,138.40.160.236
179,Gusta,McAndie,gmcandie4y@nba.com,Female,77.251.128.134
180,Eba,Woodroofe,ewoodroofe4z@prnewswire.com,Female,170.193.46.255
181,Ellary,Vigours,evigours50@gnu.org,Male,71.171.10.178
182,Westley,Marishenko,wmarishenko51@dot.gov,Male,50.195.204.236
183,Osmund,Grinikhin,ogrinikhin52@lulu.com,Male,128.105.248.39
184,Danica,Moorton,dmoorton53@bloomberg.com,Female,89.79.31.249
185,Mohammed,Stooke,mstooke54@gravatar.com,Male,89.39.226.8
186,Ben,Blaszczynski,bblaszczynski55@hatena.ne.jp,Male,14.39.241.83
187,Nicoline,Belcham,nbelcham56@about.me,Female,111.213.13.131
188,Judye,Lowthian,jlowthian57@ftc.gov,Female,125.152.202.164
189,Barrett,Currall,bcurrall58@behance.net,Male,6.118.247.227
190,Grange,O'Crotty,gocrotty59@posterous.com,Male,249.227.15.93
191,Johnathan,Blondell,jblondell5a@paginegialle.it,Male,64.91.13.215
192,Arvie,Ratledge,aratledge5b@jugem.jp,Male,166.242.91.127
193,Vittorio,Boundey,vboundey5c@miitbeian.gov.cn,Male,146.29.33.27
194,Harmony,Levesque,hlevesque5d@psu.edu,Female,44.176.193.90
195,Theda,Rijkeseis,trijkeseis5e@answers.com,Female,172.51.99.197
196,Lottie,Dresche,ldresche5f@tumblr.com,Female,51.165.24.81
197,Jenna,Godfray,jgodfray5g@wiley.com,Female,75.129.232.216
198,Josefina,Milnthorpe,jmilnthorpe5h@washington.edu,Female,193.29.163.249
199,Dorian,Mirando,dmirando5i@bluehost.com,Male,70.239.131.124
200,Ruthanne,O'Noland,ronoland5j@ebay.com,Female,231.117.160.26
201,Hammad,Fookes,hfookes5k@ehow.com,Male,15.225.179.10
202,Sonia,Curedell,scuredell5l@state.tx.us,Female,71.145.157.82
203,Willetta,Stockford,wstockford5m@smugmug.com,Female,166.19.35.75
204,Brnaby,Lowy,blowy5n@prnewswire.com,Male,4.12.94.17
205,Dianna,Goulthorp,dgoulthorp5o@i2i.jp,Female,20.47.48.72
206,Fowler,Weymouth,fweymouth5p@mozilla.com,Male,85.241.144.214
207,Anita,Lippatt,alippatt5q@howstuffworks.com,Agender,130.126.57.120
208,Rawley,Crease,rcrease5r@edublogs.org,Genderfluid,126.162.123.15
209,Deane,McPheat,dmcpheat5s@plala.or.jp,Female,93.204.193.119
210,Rhianna,Yakushkev,ryakushkev5t@devhub.com,Female,174.215.94.254
211,Zane,Broadbear,zbroadbear5u@noaa.gov,Male,195.190.11.79
212,Clarie,Hyder,chyder5v@lulu.com,Female,187.103.170.175
213,Nanette,Coetzee,ncoetzee5w@constantcontact.com,Female,252.206.133.6
214,Elisabet,Aumerle,eaumerle5x@liveinternet.ru,Female,44.208.19.53
215,Beth,Havik,bhavik5y@un.org,Female,174.250.79.23
216,Francisco,De Matteis,fdematteis5z@ebay.co.uk,Male,5.254.90.101
217,Irwinn,Tapsell,itapsell60@howstuffworks.com,Male,103.128.168.86
218,Yolanda,Bickerstaff,ybickerstaff61@squidoo.com,Female,5.105.230.146
219,Tamera,Pocklington,tpocklington62@merriam-webster.com,Female,26.114.8.85
220,Adey,Kneal,akneal63@oakley.com,Female,166.81.87.47
221,Walt,Buckler,wbuckler64@scientificamerican.com,Male,46.161.110.38
222,Mala,Breukelman,mbreukelman65@whitehouse.gov,Female,84.9.200.31
223,Billi,Bonifas,bbonifas66@fda.gov,Female,136.109.146.7
224,Cinda,Purselowe,cpurselowe67@phpbb.com,Female,172.153.157.90
225,Kennan,Croisdall,kcroisdall68@indiatimes.com,Male,183.144.123.189
226,Jeannie,Bickerstaff,jbickerstaff69@yandex.ru,Female,58.122.134.80
227,Bartolomeo,Wherrit,bwherrit6a@sfgate.com,Male,12.224.95.47
228,Nolie,Rowet,nrowet6b@comcast.net,Non-binary,133.125.78.145
229,Portie,Aronowicz,paronowicz6c@ed.gov,Non-binary,234.66.28.52
230,Mathian,Lavelle,mlavelle6d@indiegogo.com,Genderqueer,48.46.52.127
231,Rodge,Adam,radam6e@yellowbook.com,Male,173.222.106.213
232,Myrwyn,Shower,mshower6f@kickstarter.com,Male,192.24.137.198
233,Matthieu,Phelip,mphelip6g@geocities.jp,Male,49.93.226.171
234,Cristiano,Feast,cfeast6h@zdnet.com,Male,199.126.82.0
235,Charleen,Malicki,cmalicki6i@mayoclinic.com,Female,79.254.14.100
236,Lon,Fantini,lfantini6j@ca.gov,Male,101.238.43.126
237,Julianna,O'Sharkey,josharkey6k@blogs.com,Female,154.211.215.79
238,Marla,Noakes,mnoakes6l@constantcontact.com,Female,57.117.51.48
239,Jany,Junifer,jjunifer6m@disqus.com,Female,219.247.128.235
240,Olag,Bolger,obolger6n@geocities.com,Male,177.6.211.115
241,Adrian,MacMeekan,amacmeekan6o@usatoday.com,Genderfluid,181.57.197.152
242,Kalina,Ramage,kramage6p@newyorker.com,Genderqueer,30.209.220.38
243,Trescha,Stuchberry,tstuchberry6q@umn.edu,Female,71.178.200.80
244,Eberto,Rawet,erawet6r@privacy.gov.au,Male,52.47.47.244
245,Tildy,Ricardo,tricardo6s@elegantthemes.com,Female,32.37.230.154
246,Bryce,Lund,blund6t@psu.edu,Male,149.112.138.129
247,Nesta,Clayfield,nclayfield6u@163.com,Female,28.99.215.7
248,Modestine,Lindsley,mlindsley6v@nps.gov,Female,72.80.74.96
249,Whitman,McCaughey,wmccaughey6w@cafepress.com,Male,242.57.141.166
250,Any,Buckston,abuckston6x@biglobe.ne.jp,Male,225.251.172.152
251,Alyda,Mc Trusty,amctrusty6y@mozilla.com,Female,147.137.135.148
252,Paula,Aird,paird6z@vinaora.com,Female,145.128.199.104
253,Kevina,O' Bee,kobee70@mediafire.com,Female,253.139.169.81
254,Almira,Geeve,ageeve71@tuttocitta.it,Female,115.42.16.224
255,Tomasina,Simms,tsimms72@loc.gov,Female,175.165.204.229
256,Rhiamon,Rennock,rrennock73@goo.ne.jp,Female,114.27.2.46
257,Lorin,Sphinxe,lsphinxe74@twitpic.com,Male,134.27.193.0
258,Elena,Cackett,ecackett75@princeton.edu,Genderfluid,34.84.233.43
259,Cyrillus,McAlroy,cmcalroy76@creativecommons.org,Male,73.253.175.135
260,Geri,Davern,gdavern77@europa.eu,Male,193.6.182.20
261,Bone,Thursfield,bthursfield78@addtoany.com,Male,12.74.143.111
262,Annetta,Webbe,awebbe79@fc2.com,Female,85.130.158.170
263,Jsandye,Ayliff,jayliff7a@networkadvertising.org,Female,194.145.210.189
264,Mellie,Imason,mimason7b@cbc.ca,Female,222.43.148.80
265,Georgie,Giacomucci,ggiacomucci7c@over-blog.com,Female,158.188.63.186
266,Jordanna,Elcott,jelcott7d@cnet.com,Female,191.103.109.121
267,Hillier,Tolomio,htolomio7e@squarespace.com,Male,211.50.20.50
268,Phil,Brame,pbrame7f@cocolog-nifty.com,Male,183.103.167.254
269,Raeann,Lazar,rlazar7g@amazon.de,Female,57.193.107.77
270,Michal,Lumpkin,mlumpkin7h@unicef.org,Male,123.162.88.255
271,Rourke,Chancelier,rchancelier7i@bizjournals.com,Male,213.40.54.218
272,Baryram,Kieff,bkieff7j@irs.gov,Male,238.125.98.197
273,Liliane,Islep,lislep7k@tripod.com,Female,214.14.38.52
274,Julie,Fiddler,jfiddler7l@zdnet.com,Male,224.94.10.53
275,Clarine,Huddy,chuddy7m@ucla.edu,Female,191.99.39.108
276,Misti,Dracksford,mdracksford7n@edublogs.org,Female,102.156.109.255
277,Shelby,Jelley,sjelley7o@fotki.com,Female,80.243.149.218
278,Vladamir,Macourek,vmacourek7p@toplist.cz,Male,9.15.73.248
279,Dru,Gergher,dgergher7q@bloomberg.com,Female,185.191.241.70
280,Maury,Valentine,mvalentine7r@jimdo.com,Male,140.149.82.170
281,Cindy,Collopy,ccollopy7s@cornell.edu,Female,203.116.49.134
282,Fernande,Pane,fpane7t@edublogs.org,Non-binary,128.0.253.73
283,Lorna,Lanfare,llanfare7u@sciencedaily.com,Female,122.189.69.93
284,Shelbi,Rosenstock,srosenstock7v@salon.com,Female,227.146.154.106
285,Ermina,McConnell,emcconnell7w@ihg.com,Female,197.181.214.156
286,Melonie,Poluzzi,mpoluzzi7x@homestead.com,Female,60.169.206.142
287,Corty,Bosma,cbosma7y@ameblo.jp,Male,196.88.95.64
288,Phip,Walcot,pwalcot7z@thetimes.co.uk,Male,179.218.199.221
289,Dolley,McIlwain,dmcilwain80@cam.ac.uk,Female,23.39.151.144
290,Cele,Musson,cmusson81@github.io,Female,48.67.149.226
291,Pascal,Flatt,pflatt82@sun.com,Male,136.195.35.254
292,Aksel,de Verson,adeverson83@devhub.com,Male,25.67.149.117
293,Ofelia,Sneesby,osneesby84@so-net.ne.jp,Female,137.237.158.86
294,Huntington,Lowbridge,hlowbridge85@mapquest.com,Male,6.211.152.218
295,Carlynne,Huxstep,chuxstep86@biglobe.ne.jp,Female,243.9.200.160
296,Harriott,Wyleman,hwyleman87@meetup.com,Female,229.142.103.224
297,Esmaria,Byneth,ebyneth88@wsj.com,Female,191.135.58.100
298,Marena,Viner,mviner89@npr.org,Female,23.103.168.230
299,Lorinda,Perrat,lperrat8a@foxnews.com,Agender,140.90.194.113
300,Stanleigh,McLaverty,smclaverty8b@360.cn,Genderqueer,159.78.132.83
301,Benito,Thyer,bthyer8c@github.com,Male,254.195.138.155
302,Eddi,Lashley,elashley8d@netlog.com,Female,140.135.9.250
303,Reggis,Camble,rcamble8e@dropbox.com,Male,189.131.237.84
304,Ettore,Roder,eroder8f@twitpic.com,Male,76.143.191.106
305,Liam,Depport,ldepport8g@weibo.com,Male,171.114.227.174
306,Lynne,O'Cullinane,locullinane8h@who.int,Female,34.5.122.194
307,Arlen,Guinness,aguinness8i@tripod.com,Male,45.78.160.125
308,Leonanie,Saile,lsaile8j@nature.com,Female,221.157.94.244
309,Keri,Morrell,kmorrell8k@sakura.ne.jp,Female,236.94.238.164
310,Abran,Guyer,aguyer8l@addtoany.com,Male,111.142.98.153
311,Keith,Amthor,kamthor8m@columbia.edu,Male,231.137.229.33
312,Eustace,Hospital,ehospital8n@so-net.ne.jp,Male,255.27.220.69
313,Fiorenze,Toon,ftoon8o@sciencedaily.com,Genderfluid,152.178.169.173
314,Sly,Clynter,sclynter8p@google.co.jp,Male,242.58.155.26
315,Estele,Saphin,esaphin8q@cnet.com,Female,140.74.247.243
316,Malchy,Miere,mmiere8r@kickstarter.com,Male,191.118.242.255
317,Heriberto,Crebbin,hcrebbin8s@xing.com,Male,253.190.49.61
318,Eamon,Howitt,ehowitt8t@ehow.com,Male,143.66.107.2
319,Shandie,Voden,svoden8u@ezinearticles.com,Female,192.178.78.77
320,Edee,Scarr,escarr8v@mail.ru,Female,215.2.242.32
321,Vida,Simants,vsimants8w@blinklist.com,Female,106.225.198.198
322,Court,Cumberpatch,ccumberpatch8x@prnewswire.com,Male,95.239.190.125
323,Lynnell,O'Griffin,logriffin8y@booking.com,Female,189.17.205.121
324,Blayne,Canner,bcanner8z@wordpress.org,Male,135.22.241.230
325,Ambrosi,LAbbet,alabbet90@nsw.gov.au,Male,64.154.231.62
326,Lissi,Bachshell,lbachshell91@unblog.fr,Female,147.158.221.12
327,Willis,Maasz,wmaasz92@sphinn.com,Male,35.47.234.250
328,Emelen,Doughill,edoughill93@prnewswire.com,Male,15.191.223.118
329,Marie,Treamayne,mtreamayne94@huffingtonpost.com,Female,129.12.160.56
330,Deni,Zahor,dzahor95@purevolume.com,Polygender,196.65.103.103
331,Dinah,Uren,duren96@flavors.me,Female,167.242.162.28
332,Adelind,Zanutti,azanutti97@goodreads.com,Female,179.135.24.88
333,Thor,De la Barre,tdelabarre98@1und1.de,Male,60.211.169.72
334,Budd,Commins,bcommins99@printfriendly.com,Male,90.134.67.255
335,Gretal,Bettam,gbettam9a@howstuffworks.com,Female,113.94.29.108
336,Ernesto,Kempshall,ekempshall9b@friendfeed.com,Male,122.155.12.191
337,Debbie,O'Heyne,doheyne9c@apache.org,Non-binary,233.131.171.252
338,Dayle,Shrimplin,dshrimplin9d@msn.com,Female,164.200.81.171
339,Winne,Munsey,wmunsey9e@clickbank.net,Female,198.174.47.237
340,Gladi,Castledine,gcastledine9f@last.fm,Female,86.218.218.120
341,Clemmy,Wilfinger,cwilfinger9g@flickr.com,Female,45.38.107.100
342,Viviana,Dumberrill,vdumberrill9h@paginegialle.it,Female,168.249.165.128
343,Duky,Give,dgive9i@tripod.com,Polygender,9.154.120.238
344,Nelly,Cliff,ncliff9j@addthis.com,Female,227.205.192.199
345,Kathe,O'Loughane,koloughane9k@studiopress.com,Female,163.147.44.83
346,Krisha,Alliband,kalliband9l@lycos.com,Male,234.79.64.69
347,Karie,Carleton,kcarleton9m@vistaprint.com,Female,207.183.170.110
348,Jaimie,Dodson,jdodson9n@apache.org,Male,150.135.116.237
349,Tyson,Surmeyers,tsurmeyers9o@addthis.com,Polygender,234.244.114.167
350,Deanna,Follos,dfollos9p@oaic.gov.au,Female,112.112.182.251
351,Bibbie,Lefever,blefever9q@wikipedia.org,Female,75.142.214.21
352,Burty,Zarb,bzarb9r@opensource.org,Male,188.239.158.66
353,Alexine,Dumbar,adumbar9s@nasa.gov,Female,18.193.122.132
354,George,Govinlock,ggovinlock9t@utexas.edu,Female,246.41.109.99
355,Florina,Seedman,fseedman9u@sbwire.com,Female,99.75.24.228
356,Marven,Wreford,mwreford9v@dropbox.com,Male,203.160.97.153
357,Moria,Smart,msmart9w@tripadvisor.com,Female,225.185.126.243
358,Clarette,Gildea,cgildea9x@google.ca,Female,197.176.255.230
359,Ingemar,Eicke,ieicke9y@devhub.com,Male,251.194.60.81
360,Etti,Loody,eloody9z@behance.net,Female,218.252.146.16
361,Chevalier,Beville,cbevillea0@archive.org,Male,219.243.212.112
362,Jarad,Gilhouley,jgilhouleya1@redcross.org,Male,45.11.46.179
363,Lurette,Godbold,lgodbolda2@alibaba.com,Female,164.65.166.183
364,Lorelei,Layson,llaysona3@engadget.com,Female,246.111.76.136
365,Norris,Van Der Straaten,nvanderstraatena4@taobao.com,Male,255.60.69.38
366,Tybi,Cullotey,tculloteya5@ask.com,Female,113.26.239.240
367,Adina,Pratte,aprattea6@go.com,Female,109.26.55.253
368,Cris,Revill,crevilla7@walmart.com,Male,219.177.173.238
369,Marty,Ickeringill,mickeringilla8@nhs.uk,Non-binary,6.247.245.104
370,Leland,McIllroy,lmcillroya9@chron.com,Male,61.136.221.149
371,Marylin,Cashmore,mcashmoreaa@mayoclinic.com,Female,90.112.188.204
372,Yurik,Francescoccio,yfrancescoccioab@yale.edu,Male,54.174.55.53
373,Garry,Gerold,ggeroldac@umich.edu,Male,122.100.68.211
374,Elfrieda,Whiteway,ewhitewayad@qq.com,Female,93.156.232.223
375,Cherrita,Jakab,cjakabae@smugmug.com,Female,235.19.139.10
376,Patten,Pear,ppearaf@diigo.com,Male,120.122.254.133
377,Aylmer,Carbert,acarbertag@ft.com,Male,48.224.117.125
378,Garrik,Pearl,gpearlah@umich.edu,Male,64.235.14.73
379,Leanora,Rippon,lripponai@bbc.co.uk,Female,106.202.193.16
380,Ellwood,Bulfoy,ebulfoyaj@ox.ac.uk,Non-binary,93.253.207.186
381,Tyne,Binns,tbinnsak@wordpress.com,Genderqueer,239.164.87.136
382,Dominick,Duerden,dduerdenal@npr.org,Male,42.9.65.96
383,Alla,Blaza,ablazaam@domainmarket.com,Female,219.181.91.126
384,Denise,Rummin,drumminan@facebook.com,Female,93.139.38.29
385,Joni,Prin,jprinao@japanpost.jp,Polygender,165.99.62.102
386,Pail,Sandifer,psandiferap@list-manage.com,Male,153.246.88.217
387,Marjorie,Vedenyapin,mvedenyapinaq@kickstarter.com,Female,221.103.103.192
388,Domenic,Silberschatz,dsilberschatzar@over-blog.com,Male,171.0.143.52
389,Hettie,Hatley,hhatleyas@hibu.com,Female,102.211.152.91
390,D'arcy,MacGilfoyle,dmacgilfoyleat@blogger.com,Male,176.193.129.27
391,Karyl,Goldes,kgoldesau@google.co.uk,Female,201.172.247.89
392,Corella,Lowmass,clowmassav@yahoo.com,Female,3.79.22.42
393,Coretta,Willcott,cwillcottaw@washingtonpost.com,Bigender,221.3.153.211
394,Bradly,Walshe,bwalsheax@com.com,Male,1.14.49.120
395,Arlana,Cowwell,acowwellay@china.com.cn,Female,197.185.111.246
396,Tawnya,Hebner,thebneraz@mashable.com,Female,30.137.65.231
397,Packston,Pendrill,ppendrillb0@usgs.gov,Male,218.250.19.118
398,Ancell,Fyndon,afyndonb1@craigslist.org,Male,249.192.86.170
399,Brok,Woodgate,bwoodgateb2@virginia.edu,Male,159.205.137.37
400,Aurie,Hestrop,ahestropb3@springer.com,Female,159.88.48.129
401,Peadar,Atkin,patkinb4@hhs.gov,Male,64.23.63.27
402,Kippar,Musto,kmustob5@1688.com,Male,199.104.83.113
403,Uta,Labet,ulabetb6@creativecommons.org,Female,228.155.149.53
404,Marleen,Carne,mcarneb7@unblog.fr,Female,134.70.144.102
405,Olivero,Rowesby,orowesbyb8@dion.ne.jp,Male,117.247.95.173
406,Stephannie,Semple,ssempleb9@sun.com,Female,68.92.8.171
407,Osbourne,Strahan,ostrahanba@barnesandnoble.com,Male,143.130.70.214
408,Aile,Fitzsimon,afitzsimonbb@nytimes.com,Polygender,190.204.119.138
409,Frankie,Dobney,fdobneybc@uiuc.edu,Female,11.113.148.190
410,Keriann,Shurlock,kshurlockbd@opensource.org,Female,46.141.15.159
411,Valentin,Dighton,vdightonbe@adobe.com,Male,16.39.40.81
412,Joshuah,Teasey,jteaseybf@opensource.org,Male,224.63.244.3
413,Trev,De Bernardi,tdebernardibg@biblegateway.com,Male,6.105.168.202
414,Jamill,Issard,jissardbh@behance.net,Male,51.13.12.65
415,Nadean,Tither,ntitherbi@whitehouse.gov,Female,143.54.52.127
416,Yetta,Saffon,ysaffonbj@howstuffworks.com,Female,206.5.197.154
417,Berget,Lammas,blammasbk@prweb.com,Female,205.101.43.201
418,Lawton,Olivetta,lolivettabl@fastcompany.com,Male,12.76.24.135
419,Elvira,Angless,eanglessbm@sitemeter.com,Female,49.74.21.170
420,Inessa,Sambedge,isambedgebn@microsoft.com,Female,253.192.46.113
421,Barnie,Lemmens,blemmensbo@sfgate.com,Male,51.205.163.138
422,Aurelea,Christmas,achristmasbp@smugmug.com,Female,12.118.14.247
423,Chucho,Paver,cpaverbq@amazon.co.jp,Male,21.28.216.205
424,Alvy,Dachey,adacheybr@exblog.jp,Genderfluid,47.79.215.68
425,Dorene,Bullar,dbullarbs@fc2.com,Female,161.186.186.138
426,Kinsley,Redwall,kredwallbt@umich.edu,Male,47.88.242.246
427,Jocelyne,Braemer,jbraemerbu@free.fr,Female,83.134.131.208
428,Francyne,Buckthorpe,fbuckthorpebv@dyndns.org,Female,9.80.67.208
429,Rosabel,Eul,reulbw@wikispaces.com,Female,156.118.252.111
430,Casey,Vasenkov,cvasenkovbx@instagram.com,Male,19.124.211.127
431,Randell,Stukings,rstukingsby@vistaprint.com,Agender,96.181.255.7
432,Skelly,Drust,sdrustbz@google.co.uk,Male,102.134.66.75
433,Ranna,Follan,rfollanc0@wix.com,Female,209.199.65.165
434,Trudey,Catton,tcattonc1@ifeng.com,Female,149.74.75.238
435,Henrieta,Taffee,htaffeec2@de.vu,Female,232.134.193.215
436,Yul,Coffee,ycoffeec3@deviantart.com,Male,120.244.75.43
437,Saba,Spilstead,sspilsteadc4@rambler.ru,Female,121.170.226.162
438,Alwyn,Hayesman,ahayesmanc5@nature.com,Male,157.136.185.3
439,Aindrea,Corson,acorsonc6@google.ca,Female,218.226.65.199
440,Arlyn,Behning,abehningc7@house.gov,Female,184.164.129.21
441,Drusilla,Boughton,dboughtonc8@rediff.com,Female,182.181.70.48
442,Ardelle,Kelledy,akelledyc9@simplemachines.org,Bigender,123.108.229.240
443,Floyd,Teasdale-Markie,fteasdalemarkieca@ibm.com,Male,203.197.33.184
444,Roseann,Fortye,rfortyecb@reuters.com,Female,55.217.97.82
445,Sergei,MacKessock,smackessockcc@flickr.com,Male,172.0.135.141
446,Noel,Bodill,nbodillcd@washington.edu,Male,106.241.241.74
447,Boyce,Imlock,bimlockce@networksolutions.com,Male,148.57.141.103
448,Maressa,Pendrid,mpendridcf@canalblog.com,Female,87.58.38.26
449,Liliane,Gauchier,lgauchiercg@themeforest.net,Female,16.88.162.33
450,Darb,Showte,dshowtech@alexa.com,Male,225.237.64.102
451,Allyce,Pitherick,apitherickci@oakley.com,Female,201.93.34.132
452,Norby,Darby,ndarbycj@prnewswire.com,Male,202.113.76.249
453,Bonita,Howson,bhowsonck@ft.com,Genderqueer,207.39.209.236
454,Grete,Bonifazio,gbonifaziocl@ameblo.jp,Female,76.157.24.81
455,Bernarr,Cawsby,bcawsbycm@acquirethisname.com,Male,68.117.246.255
456,Merell,Haines,mhainescn@cbslocal.com,Male,37.26.163.109
457,Ervin,Gawthorpe,egawthorpeco@moonfruit.com,Male,231.94.228.193
458,Malorie,Casin,mcasincp@un.org,Female,9.119.30.90
459,Royall,Curgenven,rcurgenvencq@epa.gov,Male,188.184.102.56
460,Tamarra,Snelling,tsnellingcr@oakley.com,Female,62.102.83.93
461,Sollie,Grigolli,sgrigollics@epa.gov,Male,47.73.25.240
462,Orran,Press,opressct@chron.com,Male,132.66.161.28
463,Burtie,Hindshaw,bhindshawcu@yellowbook.com,Male,191.223.203.77
464,Avrit,Shovell,ashovellcv@usgs.gov,Female,190.80.129.40
465,Tyrus,Colebourn,tcolebourncw@hc360.com,Agender,103.197.117.70
466,Sterling,Stranger,sstrangercx@businesswire.com,Male,129.151.132.111
467,Serge,Crimin,scrimincy@tinypic.com,Male,63.140.79.158
468,Regan,Greenless,rgreenlesscz@pen.io,Female,209.92.74.130
469,Cordelia,Cobson,ccobsond0@chicagotribune.com,Female,212.128.31.148
470,Ebba,Bowmer,ebowmerd1@nbcnews.com,Female,114.232.207.233
471,Alika,Cheng,achengd2@hc360.com,Bigender,102.168.204.48
472,Brucie,Gruszka,bgruszkad3@admin.ch,Male,99.109.46.232
473,Humfried,Edon,hedond4@livejournal.com,Male,104.206.249.39
474,Murdock,Axworthy,maxworthyd5@dedecms.com,Male,172.95.25.165
475,Major,De Francesco,mdefrancescod6@tuttocitta.it,Male,25.215.99.231
476,Mabelle,Tofts,mtoftsd7@cdbaby.com,Female,250.182.87.149
477,Bronnie,Badman,bbadmand8@goo.ne.jp,Male,10.37.199.124
478,Dinnie,Cardenas,dcardenasd9@gov.uk,Female,157.211.126.23
479,Ettie,Oldridge,eoldridgeda@lulu.com,Female,68.126.229.216
480,Sosanna,Clapp,sclappdb@mtv.com,Female,169.172.37.33
481,Carling,Blow,cblowdc@mail.ru,Polygender,85.238.78.165
482,Blancha,Catherall,bcatheralldd@skyrock.com,Female,75.27.106.253
483,Suzy,Hames,shamesde@etsy.com,Female,148.218.239.5
484,Billi,Wadeling,bwadelingdf@noaa.gov,Female,69.18.221.86
485,Pip,Jerche,pjerchedg@gov.uk,Male,56.240.138.23
486,Wye,Charleston,wcharlestondh@ihg.com,Male,121.167.5.44
487,Nannette,Ekless,neklessdi@trellian.com,Female,144.84.72.233
488,Juliet,Iceton,jicetondj@skype.com,Female,143.155.229.214
489,Candi,Berthon,cberthondk@ucla.edu,Female,55.96.254.249
490,Camey,Ahrenius,cahreniusdl@ebay.com,Male,115.166.161.252
491,Lannie,Kos,lkosdm@amazon.de,Agender,63.72.193.232
492,Paul,Woan,pwoandn@mtv.com,Male,65.114.51.131
493,Avrit,Nind,aninddo@tinyurl.com,Female,211.68.218.157
494,Edlin,Benezeit,ebenezeitdp@google.co.jp,Male,28.241.17.177
495,Deedee,McTeggart,dmcteggartdq@xrea.com,Female,66.115.147.229
496,Cornall,Jeyes,cjeyesdr@arstechnica.com,Male,47.126.14.137
497,Sherie,Endean,sendeands@shareasale.com,Female,90.200.73.163
498,Hazel,Reinert,hreinertdt@flickr.com,Female,234.242.195.234
499,Keelby,Whye,kwhyedu@tmall.com,Male,137.0.156.85
500,Jared,Tunnicliffe,jtunnicliffedv@google.com.au,Male,181.67.30.93
501,Pennie,Fernando,pfernandodw@google.ca,Female,25.155.32.58
502,Steffane,Whitmarsh,swhitmarshdx@about.me,Female,52.37.234.146
503,Fifi,Sego,fsegody@examiner.com,Female,109.225.136.254
504,Lorrie,Bertolin,lbertolindz@springer.com,Male,230.41.219.47
505,Joshia,Younglove,jyounglovee0@irs.gov,Male,168.122.84.155
506,Felice,Gant,fgante1@feedburner.com,Male,36.35.132.42
507,Izzy,Swinerd,iswinerde2@timesonline.co.uk,Male,113.69.222.27
508,Davy,Bras,dbrase3@bigcartel.com,Male,127.88.242.92
509,Umberto,Coulthurst,ucoulthurste4@vimeo.com,Male,150.77.156.103
510,Cooper,De Domenico,cdedomenicoe5@gizmodo.com,Male,130.49.181.76
511,Dedie,Yakutin,dyakutine6@ask.com,Female,141.105.123.194
512,Gordy,Maun,gmaune7@phoca.cz,Male,48.212.41.229
513,Rhoda,Ciccottio,rciccottioe8@google.co.uk,Female,206.10.62.90
514,Emelia,Wharram,ewharrame9@yellowpages.com,Female,121.108.111.1
515,Terrance,Tipperton,ttippertonea@sakura.ne.jp,Male,80.225.4.26
516,Wallache,Bloyes,wbloyeseb@booking.com,Male,84.87.199.79
517,Ferdie,Drews,fdrewsec@godaddy.com,Male,168.43.222.219
518,Del,Kinder,dkindered@google.fr,Female,78.142.140.189
519,Rania,Kordovani,rkordovaniee@vk.com,Female,30.235.31.119
520,Brannon,Meneur,bmeneuref@ehow.com,Male,239.241.95.182
521,Hasty,Norwich,hnorwicheg@pen.io,Male,250.86.154.203
522,Kitti,Gornal,kgornaleh@timesonline.co.uk,Female,223.163.92.0
523,Odilia,Riolfo,oriolfoei@princeton.edu,Female,8.100.224.253
524,Tami,Westcar,twestcarej@accuweather.com,Polygender,63.102.96.165
525,Vittorio,St. Aubyn,vstaubynek@indiatimes.com,Male,149.176.249.37
526,Meredithe,Pietzke,mpietzkeel@washington.edu,Female,210.27.215.20
527,Claudina,Kubica,ckubicaem@squidoo.com,Female,8.107.72.179
528,Manny,Janodet,mjanodeten@goodreads.com,Agender,13.116.132.47
529,Michelle,Pear,mpeareo@hatena.ne.jp,Female,212.21.166.203
530,Aretha,Biagini,abiaginiep@tmall.com,Female,220.217.206.191
531,Bailie,Dovinson,bdovinsoneq@businessinsider.com,Male,154.233.127.103
532,Ronny,Wyndham,rwyndhamer@amazon.de,Male,193.70.230.148
533,Brody,Rowbottam,browbottames@mapy.cz,Male,117.182.99.73
534,Tate,Juste,tjusteet@hostgator.com,Female,187.204.144.41
535,Mar,Penwright,mpenwrighteu@java.com,Male,67.102.255.129
536,Basile,Pavitt,bpavittev@sfgate.com,Male,188.69.154.156
537,Archibald,Asp,aaspew@xinhuanet.com,Male,94.237.113.48
538,Garrard,Bortoli,gbortoliex@quantcast.com,Male,146.121.253.129
539,Randie,Thomasen,rthomaseney@nyu.edu,Female,28.216.78.173
540,Tristan,Murfill,tmurfillez@salon.com,Non-binary,116.154.143.86
541,Glyn,Iwanczyk,giwanczykf0@reuters.com,Male,105.127.56.81
542,Oralla,Jouhandeau,ojouhandeauf1@salon.com,Female,228.136.25.213
543,Slade,Kiddell,skiddellf2@bbb.org,Male,116.79.123.74
544,Patrizius,Arp,parpf3@aboutads.info,Male,55.6.21.106
545,Theresita,Bray,tbrayf4@yellowpages.com,Female,67.179.109.101
546,Borden,Cancellario,bcancellariof5@pagesperso-orange.fr,Male,145.35.160.199
547,Mischa,Rackstraw,mrackstrawf6@accuweather.com,Male,131.31.137.4
548,Jobye,Avison,javisonf7@ucsd.edu,Female,114.180.201.41
549,Cchaddie,Phifer,cphiferf8@springer.com,Male,97.190.31.29
550,Glynnis,Aveline,gavelinef9@creativecommons.org,Female,51.175.160.104
551,Cherri,Allenson,callensonfa@hc360.com,Female,212.11.167.101
552,Nancie,Dalmon,ndalmonfb@scribd.com,Female,37.188.126.212
553,Leeanne,Hackly,lhacklyfc@friendfeed.com,Female,65.76.18.201
554,Rafaelia,McGilleghole,rmcgillegholefd@free.fr,Female,82.89.213.88
555,Nanny,Petegree,npetegreefe@example.com,Female,249.54.128.177
556,Rosabel,Phillip,rphillipff@ca.gov,Female,229.198.45.84
557,Oralla,Laborde,olabordefg@about.me,Female,151.13.119.229
558,Gail,Apfler,gapflerfh@foxnews.com,Male,217.165.132.64
559,Zahara,Bener,zbenerfi@wiley.com,Female,117.252.219.159
560,Llywellyn,Iacovuzzi,liacovuzzifj@ovh.net,Male,110.198.184.101
561,Lonee,Ruperto,lrupertofk@privacy.gov.au,Female,230.206.147.70
562,Porty,Ritson,pritsonfl@umich.edu,Male,89.137.84.37
563,Ximenes,Goosey,xgooseyfm@narod.ru,Male,196.19.55.176
564,Hanni,Davenell,hdavenellfn@disqus.com,Female,149.218.49.125
565,Drucie,De Few,ddefewfo@sfgate.com,Non-binary,1.231.190.220
566,Dennet,Benne,dbennefp@ning.com,Male,146.92.252.56
567,Karlee,Bolt,kboltfq@census.gov,Female,130.244.249.105
568,Farris,Brock,fbrockfr@discuz.net,Male,68.173.248.121
569,Odetta,Bruckstein,obrucksteinfs@ibm.com,Polygender,252.199.27.61
570,Lizabeth,Carleton,lcarletonft@netscape.com,Female,156.132.90.187
571,Filippa,Semiras,fsemirasfu@goo.gl,Female,202.124.41.66
572,Naomi,Pentycross,npentycrossfv@irs.gov,Female,15.144.37.232
573,Skyler,Benzi,sbenzifw@marketwatch.com,Male,205.197.186.104
574,Barbey,Kinastan,bkinastanfx@pbs.org,Non-binary,202.198.207.6
575,Clarie,Godar,cgodarfy@msu.edu,Female,55.187.91.84
576,Dulce,Walisiak,dwalisiakfz@amazon.co.uk,Genderqueer,68.28.238.108
577,Hartwell,Kunath,hkunathg0@cocolog-nifty.com,Male,69.169.40.111
578,Michele,Olczyk,molczykg1@phpbb.com,Male,11.85.164.199
579,Conant,Londesborough,clondesboroughg2@wix.com,Male,141.93.188.123
580,Rory,Spadeck,rspadeckg3@linkedin.com,Non-binary,47.197.184.149
581,Urson,Gilbeart,ugilbeartg4@cdc.gov,Male,83.185.12.115
582,Baxter,Nind,bnindg5@pcworld.com,Male,120.244.224.191
583,Ashbey,Killerby,akillerbyg6@nyu.edu,Genderqueer,37.35.141.134
584,Wynny,McGuinley,wmcguinleyg7@yahoo.co.jp,Female,103.232.117.7
585,Job,Hepher,jhepherg8@cyberchimps.com,Male,64.237.212.44
586,Yvon,Harverson,yharversong9@homestead.com,Male,166.115.225.174
587,Milty,Linskill,mlinskillga@shinystat.com,Male,143.146.83.73
588,Orazio,Lamminam,olamminamgb@imageshack.us,Male,63.162.113.186
589,Aileen,Bane,abanegc@pagesperso-orange.fr,Female,196.171.36.114
590,Tiler,Oates,toatesgd@spiegel.de,Genderfluid,140.97.150.187
591,Yard,Dowson,ydowsonge@admin.ch,Agender,46.22.80.52
592,Ellswerth,Wagenen,ewagenengf@archive.org,Male,203.77.228.182
593,Myron,Butte,mbuttegg@wordpress.org,Male,21.123.190.172
594,Chico,Bengochea,cbengocheagh@arizona.edu,Male,84.192.119.237
595,Godfry,Garber,ggarbergi@mit.edu,Male,26.244.247.147
596,Reade,Yerrill,ryerrillgj@cargocollective.com,Non-binary,23.188.233.222
597,Pierce,Sulman,psulmangk@theguardian.com,Male,169.152.14.180
598,Dillon,Vaan,dvaangl@businesswire.com,Male,223.85.167.182
599,Kellby,Cocklin,kcocklingm@livejournal.com,Male,205.203.60.90
600,Twila,Becke,tbeckegn@storify.com,Female,64.90.172.149
601,Veda,Broadway,vbroadwaygo@1688.com,Female,214.42.167.47
602,Mariele,Burridge,mburridgegp@istockphoto.com,Female,227.242.165.17
603,Cordy,Munby,cmunbygq@live.com,Female,232.246.32.250
604,Ben,Cornforth,bcornforthgr@webeden.co.uk,Male,255.176.239.199
605,Vernon,Pashba,vpashbags@ftc.gov,Male,132.145.214.226
606,Joeann,Barta,jbartagt@google.nl,Female,3.198.134.1
607,Sydney,Edworthy,sedworthygu@etsy.com,Male,83.241.193.246
608,Cheslie,Strathearn,cstrathearngv@ycombinator.com,Female,207.114.127.194
609,Fairfax,Busk,fbuskgw@wufoo.com,Male,10.72.183.205
610,Engracia,Gligoraci,egligoracigx@amazon.co.jp,Female,136.90.222.156
611,Kass,Freeborne,kfreebornegy@narod.ru,Female,36.208.150.93
612,Findlay,Noel,fnoelgz@wix.com,Male,123.210.251.29
613,Annalise,Winskill,awinskillh0@flavors.me,Female,9.97.184.128
614,Luca,Biasetti,lbiasettih1@mac.com,Male,84.244.127.131
615,Dane,Benwell,dbenwellh2@npr.org,Male,204.92.114.171
616,Gaile,Surcombe,gsurcombeh3@salon.com,Male,251.56.77.57
617,Batholomew,Tradewell,btradewellh4@instagram.com,Male,199.127.2.75
618,Kristofer,Carillo,kcarilloh5@cnn.com,Male,46.233.61.33
619,Caressa,Mountney,cmountneyh6@vkontakte.ru,Female,24.196.80.169
620,Farly,Coen,fcoenh7@sciencedaily.com,Male,219.173.38.194
621,Freemon,D'Aguanno,fdaguannoh8@indiegogo.com,Male,38.65.164.131
622,Ivett,Wyche,iwycheh9@forbes.com,Female,20.217.105.104
623,Bernetta,Mesnard,bmesnardha@wikia.com,Female,169.39.160.220
624,Noam,True,ntruehb@icio.us,Male,203.108.207.217
625,Neilla,Fuggle,nfugglehc@amazon.co.uk,Female,187.94.200.152
626,Natassia,Prawle,nprawlehd@mac.com,Female,239.195.61.99
627,Cyrillus,Lindell,clindellhe@hp.com,Male,247.136.66.138
628,Sargent,Edelston,sedelstonhf@ehow.com,Male,41.5.138.175
629,Herve,Geydon,hgeydonhg@aol.com,Male,242.217.93.211
630,Evelin,Mackerel,emackerelhh@examiner.com,Male,12.224.234.152
631,Myrtle,Birrane,mbirranehi@ehow.com,Female,55.154.104.48
632,Micheal,Ramelet,mramelethj@xinhuanet.com,Male,177.233.228.31
633,Romona,Haslam,rhaslamhk@mapy.cz,Female,224.21.212.65
634,Sergei,Halewood,shalewoodhl@ustream.tv,Male,229.133.206.103
635,Shaun,Armell,sarmellhm@foxnews.com,Female,51.89.145.173
636,Wayne,Beckles,wbeckleshn@twitpic.com,Male,143.86.180.5
637,Chester,Haggarth,chaggarthho@mashable.com,Male,122.147.182.100
638,Elyssa,O' Bee,eobeehp@cocolog-nifty.com,Female,221.163.47.171
639,Wright,Andrini,wandrinihq@arizona.edu,Male,222.234.173.138
640,Fernando,Fleury,ffleuryhr@pcworld.com,Male,35.140.0.105
641,Stormy,Lunnon,slunnonhs@tamu.edu,Female,110.254.236.242
642,Glory,D'Aulby,gdaulbyht@ow.ly,Female,122.203.41.223
643,Carmela,Walklott,cwalklotthu@smugmug.com,Polygender,201.130.145.188
644,Suzy,Drewitt,sdrewitthv@princeton.edu,Female,82.92.132.138
645,Parry,Gedge,pgedgehw@eventbrite.com,Male,1.71.255.75
646,Leilah,Duffie,lduffiehx@youku.com,Female,144.225.137.32
647,Herschel,Faunch,hfaunchhy@ted.com,Male,83.234.29.50
648,Hilda,Foister,hfoisterhz@dailymotion.com,Female,145.40.142.34
649,Blanch,Leguey,blegueyi0@freewebs.com,Female,195.187.110.69
650,Shea,Tytterton,styttertoni1@ox.ac.uk,Male,255.176.30.155
651,Austin,Jordon,ajordoni2@usnews.com,Male,60.108.158.142
652,Burk,Kitlee,bkitleei3@paginegialle.it,Male,193.8.238.50
653,Guilbert,Gartenfeld,ggartenfeldi4@loc.gov,Male,195.215.247.167
654,Ambrose,Dorant,adoranti5@multiply.com,Male,87.235.188.128
655,Shawn,Bawcock,sbawcocki6@washington.edu,Male,129.16.138.2
656,Adrienne,Neville,anevillei7@creativecommons.org,Female,119.30.49.45
657,Lavinia,Craig,lcraigi8@pbs.org,Female,203.102.14.182
658,Borden,Fraine,bfrainei9@indiatimes.com,Male,191.34.219.59
659,Leann,Giovannacci,lgiovannacciia@barnesandnoble.com,Female,90.175.36.59
660,Kelcey,Towey,ktoweyib@etsy.com,Female,15.170.84.80
661,Dannye,Zorzi,dzorziic@edublogs.org,Female,192.47.221.130
662,Reeba,Azemar,razemarid@stanford.edu,Female,220.162.108.87
663,Andy,Shilburne,ashilburneie@pinterest.com,Male,155.171.214.114
664,Bealle,Ryall,bryallif@youku.com,Male,230.225.54.255
665,Clementius,Alvarado,calvaradoig@vistaprint.com,Male,95.66.91.252
666,Trenna,Errol,terrolih@ezinearticles.com,Female,236.127.149.48
667,Kit,Whitely,kwhitelyii@uol.com.br,Female,158.245.122.179
668,Thomasina,Bront,tbrontij@mit.edu,Female,42.42.231.107
669,Traver,Shillinglaw,tshillinglawik@google.pl,Male,171.72.214.222
670,Sybyl,Grishin,sgrishinil@senate.gov,Female,178.149.38.191
671,Dennie,Guyer,dguyerim@blogger.com,Female,36.61.162.177
672,Gil,Whewell,gwhewellin@scribd.com,Male,197.240.188.207
673,Gipsy,Salatino,gsalatinoio@xrea.com,Female,54.42.142.30
674,Vidovic,Bransdon,vbransdonip@gov.uk,Male,110.26.86.200
675,Kain,Cherrie,kcherrieiq@ibm.com,Male,182.39.153.144
676,Orton,Swynfen,oswynfenir@phoca.cz,Male,98.176.132.155
677,Porty,MacMeanma,pmacmeanmais@barnesandnoble.com,Male,227.96.234.143
678,Kendra,Tenniswood,ktenniswoodit@elpais.com,Female,103.43.105.225
679,Keefe,Benoy,kbenoyiu@howstuffworks.com,Male,103.52.171.188
680,Geri,Grishanin,ggrishaniniv@photobucket.com,Male,71.70.108.213
681,Mindy,Pawlett,mpawlettiw@columbia.edu,Female,70.218.106.245
682,Steward,Wraxall,swraxallix@cocolog-nifty.com,Male,228.18.133.184
683,Lay,Swaisland,lswaislandiy@phoca.cz,Male,178.219.98.237
684,Graeme,Salsberg,gsalsbergiz@newsvine.com,Male,167.136.247.193
685,Ive,Beekman,ibeekmanj0@soundcloud.com,Male,3.234.237.213
686,Rochester,Oda,rodaj1@usda.gov,Male,85.243.1.81
687,Onfroi,Brute,obrutej2@blogs.com,Male,164.214.214.182
688,Felisha,Disley,fdisleyj3@typepad.com,Female,19.52.232.126
689,Lilia,Mathison,lmathisonj4@digg.com,Female,124.56.90.237
690,Lara,Vinall,lvinallj5@1und1.de,Genderfluid,90.195.86.225
691,Antoine,Francescuzzi,afrancescuzzij6@thetimes.co.uk,Male,39.133.121.222
692,Carlyn,Steinham,csteinhamj7@imgur.com,Female,79.10.49.232
693,Maury,Dawidowitz,mdawidowitzj8@github.io,Male,181.63.181.130
694,Zachary,Harrold,zharroldj9@multiply.com,Bigender,79.112.229.150
695,Wain,Gooderick,wgooderickja@meetup.com,Male,106.139.161.158
696,Sari,Kauschke,skauschkejb@unicef.org,Female,4.76.0.171
697,Artemis,Masseo,amasseojc@arstechnica.com,Male,237.201.162.160
698,Fancy,Chippin,fchippinjd@drupal.org,Non-binary,125.80.197.12
699,Kevin,Beautyman,kbeautymanje@t.co,Male,215.157.142.124
700,Yvor,Muddicliffe,ymuddicliffejf@so-net.ne.jp,Male,69.41.74.53
701,Elton,Spacy,espacyjg@youtube.com,Male,75.22.195.140
702,Carroll,Mordon,cmordonjh@merriam-webster.com,Male,231.171.65.240
703,Rufus,Esilmon,resilmonji@boston.com,Male,78.226.127.149
704,Warren,Heindle,wheindlejj@weibo.com,Male,47.147.251.156
705,Walliw,Riggulsford,wriggulsfordjk@cbsnews.com,Female,194.46.158.105
706,Freddy,Tyers,ftyersjl@ihg.com,Male,71.163.100.119
707,Gawain,Greenhaugh,ggreenhaughjm@networkadvertising.org,Genderfluid,122.228.230.209
708,Dorise,Taudevin,dtaudevinjn@elegantthemes.com,Female,210.60.71.150
709,Ruprecht,De Meis,rdemeisjo@ameblo.jp,Male,199.190.45.32
710,Emerson,Wiskar,ewiskarjp@reference.com,Male,160.180.134.125
711,Cash,Goforth,cgoforthjq@zimbio.com,Male,182.99.174.212
712,John,Dizlie,jdizliejr@issuu.com,Male,201.160.134.127
713,Imogen,Alexandersson,ialexanderssonjs@cpanel.net,Female,199.91.141.71
714,Giselbert,Checo,gchecojt@mediafire.com,Male,39.154.230.218
715,Vanna,Brant,vbrantju@chron.com,Female,104.167.74.41
716,Quentin,Timperley,qtimperleyjv@patch.com,Male,90.183.176.187
717,Allard,Holywell,aholywelljw@ocn.ne.jp,Male,152.182.15.239
718,Stillman,Millsap,smillsapjx@state.tx.us,Male,18.227.15.194
719,Alix,Aspling,aasplingjy@goo.gl,Female,140.80.237.50
720,Laird,Fomichyov,lfomichyovjz@soup.io,Male,192.42.12.63
721,Clarisse,Kubicek,ckubicekk0@nydailynews.com,Non-binary,32.100.39.126
722,Leonerd,Thorington,lthoringtonk1@ted.com,Male,156.206.112.249
723,Hadria,Corns,hcornsk2@tumblr.com,Female,67.169.149.193
724,Hercule,Clouter,hclouterk3@blogs.com,Male,42.224.1.70
725,Annalee,Gorstidge,agorstidgek4@umn.edu,Female,33.164.139.61
726,Torey,Wilcinskis,twilcinskisk5@behance.net,Female,20.16.6.74
727,Jeanelle,Lanfare,jlanfarek6@jalbum.net,Female,78.52.203.21
728,Lee,Ness,lnessk7@cafepress.com,Female,135.20.25.34
729,Carlie,Gyse,cgysek8@taobao.com,Male,37.192.69.212
730,Clem,Whiteway,cwhitewayk9@vk.com,Male,89.76.227.246
731,Cordie,Devas,cdevaska@discovery.com,Female,144.112.112.106
732,Misha,MacCoughen,mmaccoughenkb@ucoz.com,Female,13.224.55.164
733,Kenny,Lovatt,klovattkc@wufoo.com,Male,81.148.146.57
734,Darrin,Shutte,dshuttekd@ucsd.edu,Male,48.99.84.236
735,Briggs,Gretton,bgrettonke@cdc.gov,Male,241.61.177.227
736,Bibby,Klezmski,bklezmskikf@delicious.com,Female,168.184.205.12
737,Shandeigh,Wombwell,swombwellkg@tinypic.com,Female,67.119.234.41
738,Filberte,Hugh,fhughkh@theatlantic.com,Male,66.152.20.42
739,Maryl,Peace,mpeaceki@w3.org,Female,145.126.31.252
740,Walt,Killshaw,wkillshawkj@slashdot.org,Male,58.195.206.16
741,Dorri,Nacci,dnaccikk@scientificamerican.com,Female,141.113.15.59
742,Umeko,Whitloe,uwhitloekl@wordpress.org,Female,119.160.161.168
743,Monica,Haycraft,mhaycraftkm@discuz.net,Female,226.36.50.6
744,Kennith,Jenton,kjentonkn@telegraph.co.uk,Male,45.170.46.100
745,Catrina,Edgeon,cedgeonko@ucla.edu,Female,119.205.235.214
746,Star,Hardison,shardisonkp@rambler.ru,Female,85.11.153.172
747,Cicily,McBrier,cmcbrierkq@mapquest.com,Female,47.221.153.138
748,Tilly,Labin,tlabinkr@i2i.jp,Female,240.201.219.11
749,Derby,Paolucci,dpaolucciks@soundcloud.com,Male,168.239.192.135
750,Elena,Offin,eoffinkt@utexas.edu,Female,215.87.51.218
751,Maribeth,McElvogue,mmcelvogueku@whitehouse.gov,Female,106.107.151.198
752,Javier,De Biaggi,jdebiaggikv@vimeo.com,Male,32.99.21.235
753,Effie,Girdlestone,egirdlestonekw@gov.uk,Female,143.216.109.3
754,Rikki,Jahan,rjahankx@opensource.org,Male,98.32.255.36
755,Zonda,Symcoxe,zsymcoxeky@google.fr,Female,3.76.181.194
756,Artemis,Vaudrey,avaudreykz@arizona.edu,Male,92.93.97.61
757,Burnard,Ffoulkes,bffoulkesl0@artisteer.com,Male,135.133.197.164
758,Thane,Parkey,tparkeyl1@ihg.com,Genderqueer,5.177.156.252
759,Stephan,Donegan,sdoneganl2@t.co,Non-binary,161.166.212.20
760,Ty,Glaisner,tglaisnerl3@google.co.jp,Male,14.164.232.76
761,Kary,Limmer,klimmerl4@symantec.com,Female,200.255.3.113
762,Glory,Sliman,gslimanl5@posterous.com,Female,251.12.220.121
763,Kikelia,Handlin,khandlinl6@cbc.ca,Female,184.61.74.25
764,Maggee,Adanet,madanetl7@macromedia.com,Female,28.152.157.169
765,Spence,Leyland,sleylandl8@ameblo.jp,Male,125.135.7.235
766,Virginie,Draye,vdrayel9@hexun.com,Female,181.109.5.88
767,Dagny,Whall,dwhallla@example.com,Male,38.36.24.160
768,Abbi,Gehrts,agehrtslb@sciencedaily.com,Female,208.182.215.139
769,Felizio,Evangelinos,fevangelinoslc@ezinearticles.com,Male,106.22.142.221
770,Emilie,O'Quin,eoquinld@g.co,Genderqueer,40.188.1.190
771,Nelle,Coe,ncoele@pcworld.com,Female,205.19.67.90
772,Prentice,Ruddom,pruddomlf@sakura.ne.jp,Male,134.138.252.155
773,Lela,Capelin,lcapelinlg@ibm.com,Bigender,7.147.206.106
774,Shandra,Hallowes,shalloweslh@columbia.edu,Female,221.18.105.171
775,Giuditta,Gosforth,ggosforthli@upenn.edu,Female,246.84.186.235
776,Siward,Van Son,svansonlj@twitpic.com,Male,209.145.71.63
777,Fransisco,Heistermann,fheistermannlk@uiuc.edu,Male,97.252.23.88
778,Dewitt,Regi,dregill@bing.com,Male,150.94.191.133
779,Bearnard,Dederich,bdederichlm@state.gov,Male,235.116.37.67
780,Amelie,Izod,aizodln@admin.ch,Female,51.236.125.93
781,Jarvis,Antognelli,jantognellilo@diigo.com,Male,28.173.140.11
782,Warner,Oherlihy,woherlihylp@sourceforge.net,Male,247.108.99.244
783,Robbi,Doble,rdoblelq@opera.com,Female,73.89.127.33
784,Morgun,Kubica,mkubicalr@auda.org.au,Male,34.250.108.175
785,Millisent,Bernardy,mbernardyls@bloomberg.com,Female,146.110.223.228
786,Kelvin,Pedro,kpedrolt@newsvine.com,Male,71.27.235.200
787,Nicola,Izatson,nizatsonlu@twitpic.com,Male,193.107.146.23
788,Jorge,Carrington,jcarringtonlv@newyorker.com,Male,195.158.162.151
789,Othilie,Rosengren,orosengrenlw@lycos.com,Female,114.209.232.181
790,Murry,Hague,mhaguelx@hibu.com,Male,206.154.216.255
791,Lizbeth,Jobin,ljobinly@ifeng.com,Female,55.86.29.163
792,Bibbie,Prestney,bprestneylz@abc.net.au,Female,108.121.16.96
793,Andrej,Huxley,ahuxleym0@google.nl,Male,251.199.179.38
794,Karrie,Watson,kwatsonm1@samsung.com,Female,120.14.229.22
795,Ferdinande,Studart,fstudartm2@twitter.com,Female,216.22.206.240
796,Aundrea,Casina,acasinam3@infoseek.co.jp,Polygender,19.80.166.54
797,Abdel,Bilovus,abilovusm4@squidoo.com,Male,186.12.66.134
798,Bette,Doylend,bdoylendm5@marketwatch.com,Female,218.138.178.24
799,Michaeline,Culleton,mculletonm6@sciencedaily.com,Female,74.240.218.201
800,Suzi,McElvine,smcelvinem7@multiply.com,Polygender,171.245.116.29
801,Norri,Muddle,nmuddlem8@mozilla.org,Female,12.180.31.10
802,Adams,O'Roan,aoroanm9@t-online.de,Male,23.19.251.2
803,Colan,Domsalla,cdomsallama@friendfeed.com,Male,239.152.77.209
804,Jehanna,Crummey,jcrummeymb@google.de,Female,127.104.173.157
805,Gavan,Guymer,gguymermc@wunderground.com,Male,154.185.253.203
806,Fernande,Dautry,fdautrymd@fc2.com,Female,185.109.234.172
807,Renault,Ousby,rousbyme@amazonaws.com,Male,226.217.10.106
808,Theadora,Das,tdasmf@naver.com,Female,22.179.145.6
809,Fergus,Musto,fmustomg@google.ru,Male,159.199.87.202
810,Christos,Lindback,clindbackmh@geocities.com,Agender,211.186.83.255
811,Sharia,Pellissier,spellissiermi@census.gov,Female,58.127.231.216
812,Delano,Falk,dfalkmj@reference.com,Male,199.214.165.127
813,Loydie,Barbosa,lbarbosamk@businesswire.com,Male,218.227.94.63
814,Dell,Longman,dlongmanml@sciencedaily.com,Male,238.66.146.187
815,Wilie,Doey,wdoeymm@dailymotion.com,Female,6.69.128.182
816,Glendon,Farris,gfarrismn@alibaba.com,Male,245.159.94.208
817,Karmen,Lukock,klukockmo@hostgator.com,Female,42.171.231.214
818,Garnet,Frier,gfriermp@springer.com,Polygender,172.250.70.170
819,Nonie,Testo,ntestomq@last.fm,Female,135.71.208.112
820,Ives,Josilevich,ijosilevichmr@joomla.org,Male,16.31.149.47
821,Marlee,Muzzall,mmuzzallms@devhub.com,Female,209.92.38.91
822,Selinda,Starton,sstartonmt@home.pl,Female,20.20.70.133
823,Cad,Moulster,cmoulstermu@google.cn,Genderfluid,78.114.13.12
824,Rhiamon,Kop,rkopmv@uiuc.edu,Female,247.224.106.233
825,Meghan,Brightey,mbrighteymw@ftc.gov,Female,164.92.172.172
826,Brendon,Fellows,bfellowsmx@adobe.com,Male,46.145.98.8
827,Clim,Morena,cmorenamy@globo.com,Male,147.71.80.174
828,Manny,Mascall,mmascallmz@yale.edu,Male,244.52.76.227
829,Tally,Cauley,tcauleyn0@free.fr,Male,197.193.192.205
830,Shaylynn,Filippyev,sfilippyevn1@google.com.hk,Female,35.72.98.225
831,Benson,Braunston,bbraunstonn2@unesco.org,Male,166.216.203.9
832,Tonye,Strathe,tstrathen3@multiply.com,Female,85.45.136.229
833,Antonino,Pickerell,apickerelln4@typepad.com,Male,13.31.6.120
834,Kessia,Ferrario,kferrarion5@so-net.ne.jp,Female,187.67.5.147
835,Cassie,Fumagall,cfumagalln6@istockphoto.com,Female,246.83.69.157
836,Thorin,Bromige,tbromigen7@toplist.cz,Male,113.82.39.32
837,Bary,Vials,bvialsn8@lycos.com,Polygender,231.186.55.17
838,Verna,Andreev,vandreevn9@vistaprint.com,Agender,81.110.230.142
839,Spense,Mathissen,smathissenna@g.co,Male,12.17.65.14
840,Cecilio,Rainger,craingernb@hexun.com,Male,91.64.116.111
841,Adam,Bolle,abollenc@upenn.edu,Male,185.160.160.42
842,Rana,Antyukhin,rantyukhinnd@nbcnews.com,Female,15.65.78.37
843,Feodor,Pearle,fpearlene@github.io,Male,137.228.152.196
844,Tallie,Hargitt,thargittnf@paypal.com,Female,183.142.146.153
845,Katharyn,Trewman,ktrewmanng@linkedin.com,Female,59.207.163.156
846,Clarke,Coneybeer,cconeybeernh@slate.com,Male,234.162.212.171
847,Lianne,Melloi,lmelloini@example.com,Female,117.219.103.179
848,Nathanial,Drydale,ndrydalenj@wunderground.com,Male,0.88.173.202
849,Doralin,Bruyns,dbruynsnk@sohu.com,Female,129.253.41.117
850,Brigid,Mathiot,bmathiotnl@sciencedaily.com,Female,193.142.26.48
851,Gunar,McCrisken,gmccriskennm@squarespace.com,Male,193.28.197.139
852,Ramonda,Husband,rhusbandnn@github.com,Female,49.234.78.250
853,Whitman,Marnane,wmarnaneno@pagesperso-orange.fr,Male,204.11.223.192
854,Griff,Crighton,gcrightonnp@plala.or.jp,Male,68.233.24.238
855,Sheppard,Chaloner,schalonernq@quantcast.com,Male,172.252.10.235
856,Adriano,McGlaughn,amcglaughnnr@istockphoto.com,Male,248.34.194.88
857,Marj,Chandlar,mchandlarns@aboutads.info,Female,212.178.221.21
858,Rolf,Joire,rjoirent@bing.com,Male,7.213.79.30
859,Donall,Robbe,drobbenu@rambler.ru,Male,143.249.103.89
860,Avie,Ashwin,aashwinnv@joomla.org,Female,177.222.88.28
861,Mathian,Greendale,mgreendalenw@state.tx.us,Male,145.34.67.161
862,Norry,Currum,ncurrumnx@cafepress.com,Male,24.125.176.112
863,Emmanuel,McWard,emcwardny@dailymail.co.uk,Genderqueer,249.140.41.190
864,Lennard,Byfford,lbyffordnz@phpbb.com,Male,227.64.131.78
865,Hurlee,Pane,hpaneo0@va.gov,Male,23.251.191.87
866,Tibold,Tremoille,ttremoilleo1@biblegateway.com,Male,89.24.22.251
867,Meggi,Giffkins,mgiffkinso2@blog.com,Female,17.52.196.185
868,Basilius,Frammingham,bframminghamo3@spotify.com,Male,232.22.71.18
869,Adelbert,Stachini,astachinio4@wikia.com,Male,144.60.102.102
870,Sidnee,Edgerly,sedgerlyo5@ameblo.jp,Male,101.231.33.130
871,Desi,Johnke,djohnkeo6@toplist.cz,Male,41.130.7.80
872,Zia,Pottie,zpottieo7@com.com,Female,171.96.172.78
873,Fifine,Heal,fhealo8@arizona.edu,Female,98.104.158.53
874,Abbott,Pimlott,apimlotto9@economist.com,Male,85.237.9.116
875,Morty,Philott,mphilottoa@phpbb.com,Male,187.51.68.226
876,Enos,Fishbourn,efishbournob@over-blog.com,Bigender,152.59.98.89
877,Davey,Ritson,dritsonoc@icio.us,Non-binary,35.184.158.120
878,Angela,Wildgoose,awildgooseod@oaic.gov.au,Female,170.157.53.234
879,Camala,Artin,cartinoe@oaic.gov.au,Female,92.207.186.130
880,Lyle,O'Dowd,lodowdof@networksolutions.com,Male,118.129.2.49
881,Ignacio,Brumhead,ibrumheadog@ucsd.edu,Male,67.222.156.238
882,Ronni,Robke,rrobkeoh@rambler.ru,Female,92.192.227.1
883,Paquito,Obington,pobingtonoi@irs.gov,Male,60.119.121.250
884,Gerty,Lidgett,glidgettoj@ucoz.ru,Non-binary,35.215.206.123
885,Ingar,Dossetter,idossetterok@nydailynews.com,Male,65.171.157.38
886,Ira,Cohane,icohaneol@php.net,Male,156.193.59.86
887,Catriona,Oaten,coatenom@npr.org,Female,98.51.57.155
888,Maggee,Dakin,mdakinon@nyu.edu,Female,163.228.151.90
889,Jayme,Cokely,jcokelyoo@ox.ac.uk,Male,151.92.82.83
890,Noemi,Frigot,nfrigotop@whitehouse.gov,Female,75.238.113.231
891,Adler,Jeaves,ajeavesoq@imgur.com,Genderfluid,19.232.171.208
892,Skipton,Kruszelnicki,skruszelnickior@biblegateway.com,Male,217.51.222.21
893,Indira,Syer,isyeros@e-recht24.de,Female,77.222.64.230
894,Jannel,Chatel,jchatelot@list-manage.com,Female,36.137.22.141
895,Kerby,Balaizot,kbalaizotou@opensource.org,Male,124.195.229.82
896,Poul,Renney,prenneyov@amazon.de,Male,1.251.58.110
897,Mort,Lepope,mlepopeow@army.mil,Male,111.214.21.156
898,Josefina,Crenshaw,jcrenshawox@usnews.com,Female,2.132.238.22
899,Claretta,Shurlock,cshurlockoy@narod.ru,Female,55.31.102.225
900,Rafaellle,Foulger,rfoulgeroz@csmonitor.com,Male,132.95.91.40
901,Mathias,Pund,mpundp0@pbs.org,Male,25.169.213.221
902,Mickie,Wytchard,mwytchardp1@usa.gov,Male,223.5.77.138
903,Giuditta,Wathen,gwathenp2@bigcartel.com,Female,172.26.19.149
904,Derril,Duesbury,dduesburyp3@java.com,Male,8.154.153.79
905,Terrence,Brouwer,tbrouwerp4@google.ru,Male,18.71.162.25
906,Adrienne,Kubera,akuberap5@indiegogo.com,Female,187.66.178.75
907,Jenine,Rickeard,jrickeardp6@buzzfeed.com,Female,6.37.162.39
908,Lindsay,Millington,lmillingtonp7@addtoany.com,Male,9.239.117.195
909,Christoffer,McBride,cmcbridep8@taobao.com,Male,182.221.53.11
910,Thorpe,Kobu,tkobup9@storify.com,Male,239.110.2.136
911,Wain,Paslow,wpaslowpa@bloomberg.com,Male,250.108.232.127
912,Shawn,Jaqueme,sjaquemepb@fc2.com,Male,64.125.183.7
913,Ronni,Rickcord,rrickcordpc@china.com.cn,Female,120.34.3.173
914,Maison,Imlen,mimlenpd@nbcnews.com,Male,205.22.251.15
915,Wit,Padson,wpadsonpe@dailymotion.com,Male,228.172.188.163
916,Ynes,Oldknow,yoldknowpf@google.es,Female,147.133.61.141
917,Christiane,Gaunson,cgaunsonpg@mysql.com,Female,214.243.236.103
918,Rosalind,Eassom,reassomph@google.pl,Female,87.78.155.95
919,Joellyn,Doncaster,jdoncasterpi@statcounter.com,Female,33.229.111.238
920,Guthrey,Keelin,gkeelinpj@sbwire.com,Male,132.232.99.141
921,Neala,Lavalle,nlavallepk@house.gov,Female,35.197.209.1
922,Jock,Sowood,jsowoodpl@myspace.com,Male,141.141.109.179
923,Natal,Bouskill,nbouskillpm@e-recht24.de,Male,44.20.101.9
924,Andreana,Galletley,agalletleypn@t.co,Female,118.192.218.219
925,Avram,Lysons,alysonspo@google.ca,Male,193.127.16.124
926,Sherie,Munnion,smunnionpp@cam.ac.uk,Female,12.212.0.15
927,Lloyd,Card,lcardpq@hc360.com,Male,53.20.29.226
928,Curran,Squibbs,csquibbspr@census.gov,Male,107.49.46.13
929,Gordie,Cristofano,gcristofanops@sphinn.com,Male,110.226.170.58
930,Stepha,Deeny,sdeenypt@phpbb.com,Female,193.5.246.3
931,Teodor,Chesney,tchesneypu@people.com.cn,Male,6.67.74.39
932,Phaedra,Carneck,pcarneckpv@upenn.edu,Female,177.26.168.48
933,Agnese,Hollington,ahollingtonpw@geocities.com,Female,230.85.208.202
934,Erich,Sisley,esisleypx@is.gd,Male,252.113.204.95
935,Manda,Emmens,memmenspy@dedecms.com,Female,148.214.220.164
936,Muriel,Geraudel,mgeraudelpz@unicef.org,Female,195.120.32.212
937,Corissa,Bucklan,cbucklanq0@uiuc.edu,Female,199.191.121.147
938,Gar,Lowdyane,glowdyaneq1@google.ru,Male,103.99.223.208
939,Hedwig,Phillp,hphillpq2@google.ca,Female,122.250.242.72
940,Beverley,Hutchin,bhutchinq3@latimes.com,Female,104.93.73.40
941,Bernardine,Hanscomb,bhanscombq4@baidu.com,Female,83.40.101.188
942,Katya,Chasmor,kchasmorq5@mayoclinic.com,Female,238.213.176.194
943,Dwight,Harrisson,dharrissonq6@nasa.gov,Male,123.188.0.6
944,Shae,Feige,sfeigeq7@ustream.tv,Female,235.225.29.127
945,Abbe,Buncom,abuncomq8@youtu.be,Male,20.132.124.186
946,Jerrome,Jurgensen,jjurgensenq9@skype.com,Male,244.173.165.179
947,Patrizio,Syseland,psyselandqa@census.gov,Male,181.224.81.172
948,Myrtice,Kiezler,mkiezlerqb@free.fr,Female,203.142.5.9
949,Lorrie,Middlemist,lmiddlemistqc@tuttocitta.it,Male,51.14.230.54
950,Bartholomeo,Scarce,bscarceqd@ebay.com,Male,46.153.15.137
951,Efrem,Bushby,ebushbyqe@furl.net,Male,171.131.212.144
952,Tomasine,Enocksson,tenockssonqf@economist.com,Female,74.16.17.210
953,Cori,Giovannacc@i,cgiovannacciqg@slashdot.org,Female,31.123.194.57
954,Ebonee,Shoulders,eshouldersqh@g.co,Female,76.220.91.247
955,Maudie,Bolver,mbolverqi@nyu.edu,Polygender,94.225.151.178
956,Mahmoud,Clarage,mclarageqj@bloglines.com,Male,43.242.34.108
957,Giraldo,Egar,gegarqk@imdb.com,Male,239.252.106.3
958,Van,Thoms,vthomsql@psu.edu,Female,34.35.71.16
959,Lemar,Gierke,lgierkeqm@theguardian.com,Male,46.146.77.151
960,Jarrad,Jaynes,jjaynesqn@bloglovin.com,Male,8.235.138.230
961,Skylar,Crutch,scrutchqo@google.pl,Non-binary,39.50.125.120
962,Randal,Hiscocks,rhiscocksqp@reference.com,Male,128.102.170.215
963,Kissiah,Dugmore,kdugmoreqq@senate.gov,Female,56.191.34.221
964,Job,Kobierzycki,jkobierzyckiqr@nyu.edu,Male,177.107.213.63
965,Sibella,Dunleavy,sdunleavyqs@hexun.com,Female,201.162.120.250
966,Wit,Piers,wpiersqt@accuweather.com,Male,210.191.171.148
967,Stillman,Houlridge,shoulridgequ@gravatar.com,Male,191.182.145.58
968,Alistair,Lattos,alattosqv@chron.com,Male,204.249.70.208
969,Ezra,Quarterman,equartermanqw@mediafire.com,Male,112.195.45.45
970,Cullin,Combe,ccombeqx@businessinsider.com,Male,234.87.62.154
971,Biron,Zavittieri,bzavittieriqy@zdnet.com,Male,80.31.44.139
972,Cassey,Haxbie,chaxbieqz@elpais.com,Female,11.167.203.231
973,Greggory,Marshall,gmarshallr0@behance.net,Male,0.38.136.4
974,Mariele,Portress,mportressr1@wordpress.com,Bigender,123.107.15.204
975,Broddy,Villiers,bvilliersr2@twitter.com,Male,114.60.188.222
976,Ed,Cowles,ecowlesr3@surveymonkey.com,Male,15.172.233.64
977,Olly,Klus,oklusr4@themeforest.net,Female,222.231.15.32
978,Philly,Kocher,pkocherr5@berkeley.edu,Female,138.182.69.177
979,Jorey,Petrou,jpetrour6@hatena.ne.jp,Female,239.160.192.197
980,Tiffani,Karlik,tkarlikr7@paginegialle.it,Female,97.181.153.195
981,Conrado,Jiracek,cjiracekr8@huffingtonpost.com,Male,242.2.155.7
982,Ula,Harteley,uharteleyr9@360.cn,Female,116.65.127.239
983,Karylin,Bellanger,kbellangerra@newsvine.com,Female,205.227.51.176
984,Barthel,Nuth,bnuthrb@loc.gov,Male,6.18.124.196
985,Hunter,Gallahue,hgallahuerc@princeton.edu,Male,120.54.24.119
986,Jade,Takis,jtakisrd@discuz.net,Female,72.151.216.55
987,Liv,Colebourn,lcolebournre@fda.gov,Female,109.236.84.158
988,Arlyne,Pegg,apeggrf@odnoklassniki.ru,Female,35.233.128.32
989,Marius,Loges,mlogesrg@army.mil,Male,161.208.155.187
990,Teodorico,Woltman,twoltmanrh@mashable.com,Male,129.113.119.14
991,Ive,O' Liddy,ioliddyri@admin.ch,Male,73.215.82.79
992,Sharl,Symington,ssymingtonrj@java.com,Female,29.204.74.215
993,Harlie,Halloway,hhallowayrk@ask.com,Female,211.200.236.15
994,Celinda,Coppledike,ccoppledikerl@ifeng.com,Female,100.56.194.56
995,Hanson,Kasperski,hkasperskirm@github.com,Male,102.109.60.42
996,Basil,Bawles,bbawlesrn@goo.gl,Male,237.232.36.21
997,Noam,Poynor,npoynorro@virginia.edu,Male,75.201.148.57
998,Gasper,Iacovaccio,giacovacciorp@dion.ne.jp,Male,169.151.114.76
999,Gussy,Shippard,gshippardrq@creativecommons.org,Female,182.126.41.13
1000,Hynda,Lenard,hlenardrr@hexun.com,Female,238.29.141.214
